solid OpenSCAD_Model
  facet normal -0.951057 -0.309016 0
    outer loop
      vertex -8.22191 -3.66063 -8
      vertex -8.80333 -1.8712 8
      vertex -8.80333 -1.8712 -8
    endloop
  endfacet
  facet normal -0.951057 -0.309016 0
    outer loop
      vertex -8.80333 -1.8712 8
      vertex -8.22191 -3.66063 -8
      vertex -8.22191 -3.66063 8
    endloop
  endfacet
  facet normal 0.951056 0.309017 0
    outer loop
      vertex 8.22191 3.66063 8
      vertex 8.56653 2.6 -0.500001
      vertex 8.22191 3.66063 -8
    endloop
  endfacet
  facet normal 0.951057 0.309016 1.17052e-07
    outer loop
      vertex 8.80333 1.8712 8
      vertex 8.56653 2.6 -0.500001
      vertex 8.22191 3.66063 8
    endloop
  endfacet
  facet normal 0.951057 0.309015 0
    outer loop
      vertex 8.56653 2.6 -0.500001
      vertex 8.80333 1.8712 8
      vertex 8.80333 1.8712 -0.500001
    endloop
  endfacet
  facet normal 0.951056 0.309017 -0
    outer loop
      vertex 8.56653 2.6 -3.1
      vertex 8.22191 3.66063 -8
      vertex 8.56653 2.6 -0.500001
    endloop
  endfacet
  facet normal 0.951057 0.309015 -0
    outer loop
      vertex 8.80333 1.8712 -8
      vertex 8.56653 2.6 -3.1
      vertex 8.80333 1.8712 -3.1
    endloop
  endfacet
  facet normal 0.951057 0.309016 -2.03049e-07
    outer loop
      vertex 8.56653 2.6 -3.1
      vertex 8.80333 1.8712 -8
      vertex 8.22191 3.66063 -8
    endloop
  endfacet
  facet normal 0.994522 0.104528 0
    outer loop
      vertex 9 0 -3.1
      vertex 8.80333 1.8712 -8
      vertex 8.80333 1.8712 -3.1
    endloop
  endfacet
  facet normal 0.994522 0.104528 0
    outer loop
      vertex 8.80333 1.8712 -8
      vertex 9 0 -3.1
      vertex 9 0 -8
    endloop
  endfacet
  facet normal 0.994522 0.104528 0
    outer loop
      vertex 9 0 8
      vertex 8.80333 1.8712 -0.500001
      vertex 8.80333 1.8712 8
    endloop
  endfacet
  facet normal 0.994522 0.104528 0
    outer loop
      vertex 8.80333 1.8712 -0.500001
      vertex 9 0 8
      vertex 9 0 -0.500001
    endloop
  endfacet
  facet normal 0.866025 0.500001 0
    outer loop
      vertex 8.22191 3.66063 8
      vertex 7.28115 5.29007 -8
      vertex 7.28115 5.29007 8
    endloop
  endfacet
  facet normal 0.866025 0.500001 0
    outer loop
      vertex 7.28115 5.29007 -8
      vertex 8.22191 3.66063 8
      vertex 8.22191 3.66063 -8
    endloop
  endfacet
  facet normal 0.994522 -0.104528 0
    outer loop
      vertex 8.80333 -1.8712 -3.1
      vertex 9 0 -8
      vertex 9 0 -3.1
    endloop
  endfacet
  facet normal 0.994522 -0.104528 0
    outer loop
      vertex 9 0 -8
      vertex 8.80333 -1.8712 -3.1
      vertex 8.80333 -1.8712 -8
    endloop
  endfacet
  facet normal 0.994522 -0.104528 0
    outer loop
      vertex 8.80333 -1.8712 8
      vertex 9 0 -0.500001
      vertex 9 0 8
    endloop
  endfacet
  facet normal 0.994522 -0.104528 0
    outer loop
      vertex 9 0 -0.500001
      vertex 8.80333 -1.8712 8
      vertex 8.80333 -1.8712 -0.500001
    endloop
  endfacet
  facet normal 0.743144 0.669132 0
    outer loop
      vertex 7.28115 5.29007 8
      vertex 6.19172 6.5 -8
      vertex 6.19172 6.5 8
    endloop
  endfacet
  facet normal 0.743144 0.669132 0
    outer loop
      vertex 6.19172 6.5 -8
      vertex 7.28115 5.29007 8
      vertex 7.28115 5.29007 -8
    endloop
  endfacet
  facet normal -0.866025 0.500001 0
    outer loop
      vertex -8.22191 3.66063 -8
      vertex -7.28115 5.29007 8
      vertex -7.28115 5.29007 -8
    endloop
  endfacet
  facet normal -0.866025 0.500001 0
    outer loop
      vertex -7.28115 5.29007 8
      vertex -8.22191 3.66063 -8
      vertex -8.22191 3.66063 8
    endloop
  endfacet
  facet normal 0.743144 -0.669132 0
    outer loop
      vertex 6.19172 -6.5 8
      vertex 7.28115 -5.29007 -8
      vertex 7.28115 -5.29007 8
    endloop
  endfacet
  facet normal 0.743144 -0.669132 0
    outer loop
      vertex 7.28115 -5.29007 -8
      vertex 6.19172 -6.5 8
      vertex 6.19172 -6.5 -8
    endloop
  endfacet
  facet normal -0.743144 0.669132 0
    outer loop
      vertex -7.28115 5.29007 -8
      vertex -6.19172 6.5 8
      vertex -6.19172 6.5 -8
    endloop
  endfacet
  facet normal -0.743144 0.669132 0
    outer loop
      vertex -6.19172 6.5 8
      vertex -7.28115 5.29007 -8
      vertex -7.28115 5.29007 8
    endloop
  endfacet
  facet normal 0.866025 -0.500001 0
    outer loop
      vertex 7.28115 -5.29007 8
      vertex 8.22191 -3.66063 -8
      vertex 8.22191 -3.66063 8
    endloop
  endfacet
  facet normal 0.866025 -0.500001 0
    outer loop
      vertex 8.22191 -3.66063 -8
      vertex 7.28115 -5.29007 8
      vertex 7.28115 -5.29007 -8
    endloop
  endfacet
  facet normal 0 0 1
    outer loop
      vertex -8.22191 3.66063 8
      vertex -6.19172 6.5 8
      vertex -7.28115 5.29007 8
    endloop
  endfacet
  facet normal 0 0 1
    outer loop
      vertex -6.19172 6.5 8
      vertex -8.22191 3.66063 8
      vertex -6.19172 -6.5 8
    endloop
  endfacet
  facet normal -0 0 1
    outer loop
      vertex -8.22191 -3.66063 8
      vertex -6.19172 -6.5 8
      vertex -8.22191 3.66063 8
    endloop
  endfacet
  facet normal 0 0 1
    outer loop
      vertex -6.19172 -6.5 8
      vertex -8.22191 -3.66063 8
      vertex -7.28115 -5.29007 8
    endloop
  endfacet
  facet normal -0 0 1
    outer loop
      vertex -8.80333 1.8712 8
      vertex -8.22191 -3.66063 8
      vertex -8.22191 3.66063 8
    endloop
  endfacet
  facet normal 0 0 1
    outer loop
      vertex -8.80333 1.8712 8
      vertex -8.80333 -1.8712 8
      vertex -8.22191 -3.66063 8
    endloop
  endfacet
  facet normal 0 -0 1
    outer loop
      vertex -8.80333 -1.8712 8
      vertex -8.80333 1.8712 8
      vertex -9 0 8
    endloop
  endfacet
  facet normal 0 0 1
    outer loop
      vertex 27.5 18.5 8
      vertex 6.19172 6.5 8
      vertex 27.5 6.5 8
    endloop
  endfacet
  facet normal 0 0 1
    outer loop
      vertex 6.19172 6.5 8
      vertex -6.19172 6.5 8
      vertex 6.19172 -6.5 8
    endloop
  endfacet
  facet normal 0 0 1
    outer loop
      vertex 27.5 18.5 8
      vertex -6.19172 6.5 8
      vertex 6.19172 6.5 8
    endloop
  endfacet
  facet normal -0 0 1
    outer loop
      vertex -27.5 18.5 8
      vertex -6.19172 6.5 8
      vertex 27.5 18.5 8
    endloop
  endfacet
  facet normal 0 0 1
    outer loop
      vertex -6.19172 6.5 8
      vertex -27.5 18.5 8
      vertex -27.5 6.5 8
    endloop
  endfacet
  facet normal 0 0 1
    outer loop
      vertex 8.80333 1.8712 8
      vertex 8.80333 -1.8712 8
      vertex 9 0 8
    endloop
  endfacet
  facet normal 0 0 1
    outer loop
      vertex 8.22191 3.66063 8
      vertex 8.80333 -1.8712 8
      vertex 8.80333 1.8712 8
    endloop
  endfacet
  facet normal 0 0 1
    outer loop
      vertex 8.22191 3.66063 8
      vertex 8.22191 -3.66063 8
      vertex 8.80333 -1.8712 8
    endloop
  endfacet
  facet normal 0 0 1
    outer loop
      vertex 6.19172 6.5 8
      vertex 8.22191 3.66063 8
      vertex 7.28115 5.29007 8
    endloop
  endfacet
  facet normal 0 0 1
    outer loop
      vertex 8.22191 3.66063 8
      vertex 6.19172 6.5 8
      vertex 8.22191 -3.66063 8
    endloop
  endfacet
  facet normal 0 0 1
    outer loop
      vertex 6.19172 -6.5 8
      vertex 8.22191 -3.66063 8
      vertex 6.19172 6.5 8
    endloop
  endfacet
  facet normal 0 0 1
    outer loop
      vertex 8.22191 -3.66063 8
      vertex 6.19172 -6.5 8
      vertex 7.28115 -5.29007 8
    endloop
  endfacet
  facet normal -0 0 1
    outer loop
      vertex 6.19172 -6.5 8
      vertex 27.5 -18.5 8
      vertex 27.5 -6.5 8
    endloop
  endfacet
  facet normal 0 0 1
    outer loop
      vertex -6.19172 -6.5 8
      vertex 6.19172 -6.5 8
      vertex -6.19172 6.5 8
    endloop
  endfacet
  facet normal -0 0 1
    outer loop
      vertex -6.19172 -6.5 8
      vertex 27.5 -18.5 8
      vertex 6.19172 -6.5 8
    endloop
  endfacet
  facet normal 0 0 1
    outer loop
      vertex -27.5 -18.5 8
      vertex -6.19172 -6.5 8
      vertex -27.5 -6.5 8
    endloop
  endfacet
  facet normal 0 0 1
    outer loop
      vertex -6.19172 -6.5 8
      vertex -27.5 -18.5 8
      vertex 27.5 -18.5 8
    endloop
  endfacet
  facet normal 0.951057 -0.309015 0
    outer loop
      vertex 8.80333 -1.8712 8
      vertex 8.56653 -2.6 -0.500001
      vertex 8.80333 -1.8712 -0.500001
    endloop
  endfacet
  facet normal 0.951056 -0.309017 0
    outer loop
      vertex 8.22191 -3.66063 -8
      vertex 8.56653 -2.6 -0.500001
      vertex 8.22191 -3.66063 8
    endloop
  endfacet
  facet normal 0.951057 -0.309016 1.17052e-07
    outer loop
      vertex 8.22191 -3.66063 8
      vertex 8.56653 -2.6 -0.500001
      vertex 8.80333 -1.8712 8
    endloop
  endfacet
  facet normal 0.951057 -0.309015 0
    outer loop
      vertex 8.56653 -2.6 -3.1
      vertex 8.80333 -1.8712 -8
      vertex 8.80333 -1.8712 -3.1
    endloop
  endfacet
  facet normal 0.951057 -0.309016 -2.03049e-07
    outer loop
      vertex 8.56653 -2.6 -3.1
      vertex 8.22191 -3.66063 -8
      vertex 8.80333 -1.8712 -8
    endloop
  endfacet
  facet normal 0.951056 -0.309017 0
    outer loop
      vertex 8.56653 -2.6 -0.500001
      vertex 8.22191 -3.66063 -8
      vertex 8.56653 -2.6 -3.1
    endloop
  endfacet
  facet normal 0 0 -1
    outer loop
      vertex -8.22191 -3.66063 -8
      vertex -6.19172 -6.5 -8
      vertex -7.28115 -5.29007 -8
    endloop
  endfacet
  facet normal 0 0 -1
    outer loop
      vertex -6.19172 -6.5 -8
      vertex -8.22191 -3.66063 -8
      vertex -6.19172 6.5 -8
    endloop
  endfacet
  facet normal 0 0 -1
    outer loop
      vertex -8.22191 3.66063 -8
      vertex -6.19172 6.5 -8
      vertex -8.22191 -3.66063 -8
    endloop
  endfacet
  facet normal 0 0 -1
    outer loop
      vertex -6.19172 6.5 -8
      vertex -8.22191 3.66063 -8
      vertex -7.28115 5.29007 -8
    endloop
  endfacet
  facet normal 0 0 -1
    outer loop
      vertex -8.80333 -1.8712 -8
      vertex -8.22191 3.66063 -8
      vertex -8.22191 -3.66063 -8
    endloop
  endfacet
  facet normal 0 0 -1
    outer loop
      vertex -8.80333 -1.8712 -8
      vertex -8.80333 1.8712 -8
      vertex -8.22191 3.66063 -8
    endloop
  endfacet
  facet normal 0 -0 -1
    outer loop
      vertex -8.80333 1.8712 -8
      vertex -8.80333 -1.8712 -8
      vertex -9 0 -8
    endloop
  endfacet
  facet normal 0 0 -1
    outer loop
      vertex 27.5 -18.5 -8
      vertex 6.19172 -6.5 -8
      vertex 27.5 -6.5 -8
    endloop
  endfacet
  facet normal 0 0 -1
    outer loop
      vertex 6.19172 -6.5 -8
      vertex -6.19172 -6.5 -8
      vertex 6.19172 6.5 -8
    endloop
  endfacet
  facet normal 0 0 -1
    outer loop
      vertex 27.5 -18.5 -8
      vertex -6.19172 -6.5 -8
      vertex 6.19172 -6.5 -8
    endloop
  endfacet
  facet normal 0 0 -1
    outer loop
      vertex -27.5 -18.5 -8
      vertex -6.19172 -6.5 -8
      vertex 27.5 -18.5 -8
    endloop
  endfacet
  facet normal -0 0 -1
    outer loop
      vertex -6.19172 -6.5 -8
      vertex -27.5 -18.5 -8
      vertex -27.5 -6.5 -8
    endloop
  endfacet
  facet normal 0 0 -1
    outer loop
      vertex 8.80333 -1.8712 -8
      vertex 8.80333 1.8712 -8
      vertex 9 0 -8
    endloop
  endfacet
  facet normal 0 0 -1
    outer loop
      vertex 8.22191 -3.66063 -8
      vertex 8.80333 1.8712 -8
      vertex 8.80333 -1.8712 -8
    endloop
  endfacet
  facet normal 0 0 -1
    outer loop
      vertex 8.22191 -3.66063 -8
      vertex 8.22191 3.66063 -8
      vertex 8.80333 1.8712 -8
    endloop
  endfacet
  facet normal 0 0 -1
    outer loop
      vertex 6.19172 -6.5 -8
      vertex 8.22191 -3.66063 -8
      vertex 7.28115 -5.29007 -8
    endloop
  endfacet
  facet normal -0 0 -1
    outer loop
      vertex 8.22191 -3.66063 -8
      vertex 6.19172 -6.5 -8
      vertex 8.22191 3.66063 -8
    endloop
  endfacet
  facet normal 0 0 -1
    outer loop
      vertex 6.19172 6.5 -8
      vertex 8.22191 3.66063 -8
      vertex 6.19172 -6.5 -8
    endloop
  endfacet
  facet normal 0 0 -1
    outer loop
      vertex 8.22191 3.66063 -8
      vertex 6.19172 6.5 -8
      vertex 7.28115 5.29007 -8
    endloop
  endfacet
  facet normal 0 0 -1
    outer loop
      vertex 6.19172 6.5 -8
      vertex 27.5 18.5 -8
      vertex 27.5 6.5 -8
    endloop
  endfacet
  facet normal 0 0 -1
    outer loop
      vertex -6.19172 6.5 -8
      vertex 6.19172 6.5 -8
      vertex -6.19172 -6.5 -8
    endloop
  endfacet
  facet normal 0 0 -1
    outer loop
      vertex -6.19172 6.5 -8
      vertex 27.5 18.5 -8
      vertex 6.19172 6.5 -8
    endloop
  endfacet
  facet normal 0 0 -1
    outer loop
      vertex -27.5 18.5 -8
      vertex -6.19172 6.5 -8
      vertex -27.5 6.5 -8
    endloop
  endfacet
  facet normal 0 0 -1
    outer loop
      vertex -6.19172 6.5 -8
      vertex -27.5 18.5 -8
      vertex 27.5 18.5 -8
    endloop
  endfacet
  facet normal -0.994522 -0.104528 0
    outer loop
      vertex -8.80333 -1.8712 -8
      vertex -9 0 8
      vertex -9 0 -8
    endloop
  endfacet
  facet normal -0.994522 -0.104528 0
    outer loop
      vertex -9 0 8
      vertex -8.80333 -1.8712 -8
      vertex -8.80333 -1.8712 8
    endloop
  endfacet
  facet normal -0.743144 -0.669132 0
    outer loop
      vertex -6.19172 -6.5 -8
      vertex -7.28115 -5.29007 8
      vertex -7.28115 -5.29007 -8
    endloop
  endfacet
  facet normal -0.743144 -0.669132 0
    outer loop
      vertex -7.28115 -5.29007 8
      vertex -6.19172 -6.5 -8
      vertex -6.19172 -6.5 8
    endloop
  endfacet
  facet normal -0.866025 -0.500001 0
    outer loop
      vertex -7.28115 -5.29007 -8
      vertex -8.22191 -3.66063 8
      vertex -8.22191 -3.66063 -8
    endloop
  endfacet
  facet normal -0.866025 -0.500001 0
    outer loop
      vertex -8.22191 -3.66063 8
      vertex -7.28115 -5.29007 -8
      vertex -7.28115 -5.29007 8
    endloop
  endfacet
  facet normal -0.994522 0.104528 0
    outer loop
      vertex -9 0 -8
      vertex -8.80333 1.8712 8
      vertex -8.80333 1.8712 -8
    endloop
  endfacet
  facet normal -0.994522 0.104528 0
    outer loop
      vertex -8.80333 1.8712 8
      vertex -9 0 -8
      vertex -9 0 8
    endloop
  endfacet
  facet normal -0.951057 0.309016 0
    outer loop
      vertex -8.80333 1.8712 -8
      vertex -8.22191 3.66063 8
      vertex -8.22191 3.66063 -8
    endloop
  endfacet
  facet normal -0.951057 0.309016 0
    outer loop
      vertex -8.22191 3.66063 8
      vertex -8.80333 1.8712 -8
      vertex -8.80333 1.8712 8
    endloop
  endfacet
  facet normal 1 -0 0
    outer loop
      vertex 27.5 6.5 8
      vertex 27.5 18.5 -8
      vertex 27.5 18.5 8
    endloop
  endfacet
  facet normal 1 0 0
    outer loop
      vertex 27.5 18.5 -8
      vertex 27.5 6.5 8
      vertex 27.5 6.5 -8
    endloop
  endfacet
  facet normal -1 0 0
    outer loop
      vertex -27.5 6.5 -8
      vertex -27.5 18.5 8
      vertex -27.5 18.5 -8
    endloop
  endfacet
  facet normal -1 -0 0
    outer loop
      vertex -27.5 18.5 8
      vertex -27.5 6.5 -8
      vertex -27.5 6.5 8
    endloop
  endfacet
  facet normal 0 1 -0
    outer loop
      vertex 27.5 18.5 -8
      vertex -27.5 18.5 8
      vertex 27.5 18.5 8
    endloop
  endfacet
  facet normal 0 1 0
    outer loop
      vertex -27.5 18.5 8
      vertex 27.5 18.5 -8
      vertex -27.5 18.5 -8
    endloop
  endfacet
  facet normal 0 -1 0
    outer loop
      vertex -27.5 6.5 -8
      vertex -6.19172 6.5 8
      vertex -27.5 6.5 8
    endloop
  endfacet
  facet normal 0 -1 -0
    outer loop
      vertex -6.19172 6.5 8
      vertex -27.5 6.5 -8
      vertex -6.19172 6.5 -8
    endloop
  endfacet
  facet normal 0 -1 0
    outer loop
      vertex 6.19172 6.5 -8
      vertex 27.5 6.5 8
      vertex 6.19172 6.5 8
    endloop
  endfacet
  facet normal 0 -1 -0
    outer loop
      vertex 27.5 6.5 8
      vertex 6.19172 6.5 -8
      vertex 27.5 6.5 -8
    endloop
  endfacet
  facet normal 1 -0 0
    outer loop
      vertex 27.5 -18.5 8
      vertex 27.5 -6.5 -8
      vertex 27.5 -6.5 8
    endloop
  endfacet
  facet normal 1 0 0
    outer loop
      vertex 27.5 -6.5 -8
      vertex 27.5 -18.5 8
      vertex 27.5 -18.5 -8
    endloop
  endfacet
  facet normal -1 0 0
    outer loop
      vertex -27.5 -18.5 -8
      vertex -27.5 -6.5 8
      vertex -27.5 -6.5 -8
    endloop
  endfacet
  facet normal -1 -0 0
    outer loop
      vertex -27.5 -6.5 8
      vertex -27.5 -18.5 -8
      vertex -27.5 -18.5 8
    endloop
  endfacet
  facet normal 0 1 -0
    outer loop
      vertex -6.19172 -6.5 -8
      vertex -27.5 -6.5 8
      vertex -6.19172 -6.5 8
    endloop
  endfacet
  facet normal 0 1 0
    outer loop
      vertex -27.5 -6.5 8
      vertex -6.19172 -6.5 -8
      vertex -27.5 -6.5 -8
    endloop
  endfacet
  facet normal 0 1 -0
    outer loop
      vertex 27.5 -6.5 -8
      vertex 6.19172 -6.5 8
      vertex 27.5 -6.5 8
    endloop
  endfacet
  facet normal 0 1 0
    outer loop
      vertex 6.19172 -6.5 8
      vertex 27.5 -6.5 -8
      vertex 6.19172 -6.5 -8
    endloop
  endfacet
  facet normal 0 -1 0
    outer loop
      vertex -27.5 -18.5 -8
      vertex 27.5 -18.5 8
      vertex -27.5 -18.5 8
    endloop
  endfacet
  facet normal 0 -1 -0
    outer loop
      vertex 27.5 -18.5 8
      vertex -27.5 -18.5 -8
      vertex 27.5 -18.5 -8
    endloop
  endfacet
  facet normal 1 0 0
    outer loop
      vertex 61 18.5 8
      vertex 61 0.400001 7.5
      vertex 61 18.5 7.5
    endloop
  endfacet
  facet normal 1 0 0
    outer loop
      vertex 61 0.400001 7.5
      vertex 61 -18.5 8
      vertex 61 0.400001 -7.5
    endloop
  endfacet
  facet normal 1 -0 0
    outer loop
      vertex 61 -18.5 8
      vertex 61 0.400001 7.5
      vertex 61 18.5 8
    endloop
  endfacet
  facet normal 1 -0 0
    outer loop
      vertex 61 0.400001 -7.5
      vertex 61 18.5 -8
      vertex 61 18.5 -7.5
    endloop
  endfacet
  facet normal 1 0 0
    outer loop
      vertex 61 0.400001 -7.5
      vertex 61 -18.5 -8
      vertex 61 18.5 -8
    endloop
  endfacet
  facet normal 1 0 0
    outer loop
      vertex 61 -18.5 -8
      vertex 61 0.400001 -7.5
      vertex 61 -18.5 8
    endloop
  endfacet
  facet normal -0 0 1
    outer loop
      vertex 49 18.5 8
      vertex 61 -18.5 8
      vertex 61 18.5 8
    endloop
  endfacet
  facet normal 0 0 1
    outer loop
      vertex 61 -18.5 8
      vertex 49 18.5 8
      vertex 49 -18.5 8
    endloop
  endfacet
  facet normal 0 0 -1
    outer loop
      vertex 49 -18.5 -8
      vertex 61 18.5 -8
      vertex 61 -18.5 -8
    endloop
  endfacet
  facet normal -0 0 -1
    outer loop
      vertex 61 18.5 -8
      vertex 49 -18.5 -8
      vertex 49 18.5 -8
    endloop
  endfacet
  facet normal -1 0 0
    outer loop
      vertex 49 18.5 -8
      vertex 49 0.400001 -7.5
      vertex 49 18.5 -7.5
    endloop
  endfacet
  facet normal -1 -0 0
    outer loop
      vertex 49 0.400001 -7.5
      vertex 49 -18.5 -8
      vertex 49 0.400001 7.5
    endloop
  endfacet
  facet normal -1 0 0
    outer loop
      vertex 49 -18.5 -8
      vertex 49 0.400001 -7.5
      vertex 49 18.5 -8
    endloop
  endfacet
  facet normal -1 0 0
    outer loop
      vertex 49 0.400001 7.5
      vertex 49 18.5 8
      vertex 49 18.5 7.5
    endloop
  endfacet
  facet normal -1 0 0
    outer loop
      vertex 49 0.400001 7.5
      vertex 49 -18.5 8
      vertex 49 18.5 8
    endloop
  endfacet
  facet normal -1 0 0
    outer loop
      vertex 49 -18.5 8
      vertex 49 0.400001 7.5
      vertex 49 -18.5 -8
    endloop
  endfacet
  facet normal 0 1 -0
    outer loop
      vertex 61 18.5 7.5
      vertex 49 18.5 8
      vertex 61 18.5 8
    endloop
  endfacet
  facet normal 0 1 0
    outer loop
      vertex 49 18.5 8
      vertex 61 18.5 7.5
      vertex 49 18.5 7.5
    endloop
  endfacet
  facet normal 0 1 -0
    outer loop
      vertex 61 18.5 -8
      vertex 49 18.5 -7.5
      vertex 61 18.5 -7.5
    endloop
  endfacet
  facet normal 0 1 0
    outer loop
      vertex 49 18.5 -7.5
      vertex 61 18.5 -8
      vertex 49 18.5 -8
    endloop
  endfacet
  facet normal 0 -1 0
    outer loop
      vertex 49 -18.5 8
      vertex 54.6864 -18.5 2.98357
      vertex 61 -18.5 8
    endloop
  endfacet
  facet normal 0 -1 0
    outer loop
      vertex 49 -18.5 8
      vertex 54.0729 -18.5 2.85317
      vertex 54.6864 -18.5 2.98357
    endloop
  endfacet
  facet normal 0 -1 0
    outer loop
      vertex 49 -18.5 8
      vertex 53.5 -18.5 2.59808
      vertex 54.0729 -18.5 2.85317
    endloop
  endfacet
  facet normal 0 -1 0
    outer loop
      vertex 49 -18.5 8
      vertex 52.9926 -18.5 2.22943
      vertex 53.5 -18.5 2.59808
    endloop
  endfacet
  facet normal 0 -1 0
    outer loop
      vertex 49 -18.5 8
      vertex 52.5729 -18.5 1.76336
      vertex 52.9926 -18.5 2.22943
    endloop
  endfacet
  facet normal 0 -1 0
    outer loop
      vertex 49 -18.5 8
      vertex 52.2594 -18.5 1.22021
      vertex 52.5729 -18.5 1.76336
    endloop
  endfacet
  facet normal 0 -1 0
    outer loop
      vertex 49 -18.5 8
      vertex 52.0656 -18.5 0.623734
      vertex 52.2594 -18.5 1.22021
    endloop
  endfacet
  facet normal 0 -1 0
    outer loop
      vertex 49 -18.5 8
      vertex 52 -18.5 0
      vertex 52.0656 -18.5 0.623734
    endloop
  endfacet
  facet normal 0 -1 0
    outer loop
      vertex 49 -18.5 -8
      vertex 52 -18.5 0
      vertex 49 -18.5 8
    endloop
  endfacet
  facet normal 0 -1 -0
    outer loop
      vertex 52 -18.5 0
      vertex 49 -18.5 -8
      vertex 52.0656 -18.5 -0.623734
    endloop
  endfacet
  facet normal 0 -1 -0
    outer loop
      vertex 54.6864 -18.5 -2.98357
      vertex 49 -18.5 -8
      vertex 55.3136 -18.5 -2.98357
    endloop
  endfacet
  facet normal 0 -1 -0
    outer loop
      vertex 54.0729 -18.5 -2.85317
      vertex 49 -18.5 -8
      vertex 54.6864 -18.5 -2.98357
    endloop
  endfacet
  facet normal 0 -1 -0
    outer loop
      vertex 53.5 -18.5 -2.59808
      vertex 49 -18.5 -8
      vertex 54.0729 -18.5 -2.85317
    endloop
  endfacet
  facet normal 0 -1 -0
    outer loop
      vertex 52.9926 -18.5 -2.22943
      vertex 49 -18.5 -8
      vertex 53.5 -18.5 -2.59808
    endloop
  endfacet
  facet normal 0 -1 -0
    outer loop
      vertex 52.5729 -18.5 -1.76336
      vertex 49 -18.5 -8
      vertex 52.9926 -18.5 -2.22943
    endloop
  endfacet
  facet normal 0 -1 -0
    outer loop
      vertex 52.2594 -18.5 -1.22021
      vertex 49 -18.5 -8
      vertex 52.5729 -18.5 -1.76336
    endloop
  endfacet
  facet normal 0 -1 -0
    outer loop
      vertex 52.0656 -18.5 -0.623734
      vertex 49 -18.5 -8
      vertex 52.2594 -18.5 -1.22021
    endloop
  endfacet
  facet normal 0 -1 0
    outer loop
      vertex 55.3136 -18.5 2.98357
      vertex 61 -18.5 8
      vertex 54.6864 -18.5 2.98357
    endloop
  endfacet
  facet normal 0 -1 0
    outer loop
      vertex 55.9271 -18.5 2.85317
      vertex 61 -18.5 8
      vertex 55.3136 -18.5 2.98357
    endloop
  endfacet
  facet normal 0 -1 0
    outer loop
      vertex 56.5 -18.5 2.59808
      vertex 61 -18.5 8
      vertex 55.9271 -18.5 2.85317
    endloop
  endfacet
  facet normal 0 -1 0
    outer loop
      vertex 57.0074 -18.5 2.22943
      vertex 61 -18.5 8
      vertex 56.5 -18.5 2.59808
    endloop
  endfacet
  facet normal 0 -1 0
    outer loop
      vertex 57.4271 -18.5 1.76336
      vertex 61 -18.5 8
      vertex 57.0074 -18.5 2.22943
    endloop
  endfacet
  facet normal 0 -1 0
    outer loop
      vertex 57.7406 -18.5 1.22021
      vertex 61 -18.5 8
      vertex 57.4271 -18.5 1.76336
    endloop
  endfacet
  facet normal 0 -1 0
    outer loop
      vertex 57.9344 -18.5 0.623734
      vertex 61 -18.5 8
      vertex 57.7406 -18.5 1.22021
    endloop
  endfacet
  facet normal 0 -1 0
    outer loop
      vertex 58 -18.5 0
      vertex 61 -18.5 8
      vertex 57.9344 -18.5 0.623734
    endloop
  endfacet
  facet normal 0 -1 0
    outer loop
      vertex 61 -18.5 -8
      vertex 58 -18.5 0
      vertex 57.9344 -18.5 -0.623734
    endloop
  endfacet
  facet normal 0 -1 0
    outer loop
      vertex 61 -18.5 -8
      vertex 57.9344 -18.5 -0.623734
      vertex 57.7406 -18.5 -1.22021
    endloop
  endfacet
  facet normal 0 -1 0
    outer loop
      vertex 61 -18.5 -8
      vertex 55.3136 -18.5 -2.98357
      vertex 49 -18.5 -8
    endloop
  endfacet
  facet normal 0 -1 0
    outer loop
      vertex 55.3136 -18.5 -2.98357
      vertex 61 -18.5 -8
      vertex 55.9271 -18.5 -2.85317
    endloop
  endfacet
  facet normal 0 -1 0
    outer loop
      vertex 58 -18.5 0
      vertex 61 -18.5 -8
      vertex 61 -18.5 8
    endloop
  endfacet
  facet normal 0 -1 0
    outer loop
      vertex 57.4271 -18.5 -1.76336
      vertex 61 -18.5 -8
      vertex 57.7406 -18.5 -1.22021
    endloop
  endfacet
  facet normal 0 -1 0
    outer loop
      vertex 57.0074 -18.5 -2.22943
      vertex 61 -18.5 -8
      vertex 57.4271 -18.5 -1.76336
    endloop
  endfacet
  facet normal 0 -1 0
    outer loop
      vertex 56.5 -18.5 -2.59808
      vertex 61 -18.5 -8
      vertex 57.0074 -18.5 -2.22943
    endloop
  endfacet
  facet normal 0 -1 0
    outer loop
      vertex 55.9271 -18.5 -2.85317
      vertex 61 -18.5 -8
      vertex 56.5 -18.5 -2.59808
    endloop
  endfacet
  facet normal 0.743143 0.669133 0
    outer loop
      vertex -2.67652 -2.97258 -0.500001
      vertex -3.23607 -2.35114 -3.1
      vertex -3.23607 -2.35114 -0.500001
    endloop
  endfacet
  facet normal 0.743143 0.669133 0
    outer loop
      vertex -3.23607 -2.35114 -3.1
      vertex -2.67652 -2.97258 -0.500001
      vertex -2.67652 -2.97258 -3.1
    endloop
  endfacet
  facet normal -0.587785 -0.809017 0
    outer loop
      vertex 2 3.4641 -3.1
      vertex 2.67652 2.97258 -0.500001
      vertex 2 3.4641 -0.500001
    endloop
  endfacet
  facet normal -0.587785 -0.809017 -0
    outer loop
      vertex 2.67652 2.97258 -0.500001
      vertex 2 3.4641 -3.1
      vertex 2.67652 2.97258 -3.1
    endloop
  endfacet
  facet normal -0.587785 0.809017 0
    outer loop
      vertex 2.67652 -2.97258 -3.1
      vertex 2 -3.4641 -0.500001
      vertex 2.67652 -2.97258 -0.500001
    endloop
  endfacet
  facet normal -0.587785 0.809017 0
    outer loop
      vertex 2 -3.4641 -0.500001
      vertex 2.67652 -2.97258 -3.1
      vertex 2 -3.4641 -3.1
    endloop
  endfacet
  facet normal 0.406743 0.913543 -0
    outer loop
      vertex -1.23607 -3.80423 -3.1
      vertex -2 -3.4641 -0.500001
      vertex -1.23607 -3.80423 -0.500001
    endloop
  endfacet
  facet normal 0.406743 0.913543 0
    outer loop
      vertex -2 -3.4641 -0.500001
      vertex -1.23607 -3.80423 -3.1
      vertex -2 -3.4641 -3.1
    endloop
  endfacet
  facet normal -0.743147 -0.669128 0
    outer loop
      vertex 3.01199 2.6 -3.1
      vertex 2.67652 2.97258 -0.500001
      vertex 2.67652 2.97258 -3.1
    endloop
  endfacet
  facet normal -0.743147 -0.669128 0
    outer loop
      vertex 2.67652 2.97258 -0.500001
      vertex 3.01199 2.6 -3.1
      vertex 3.01199 2.6 -0.500001
    endloop
  endfacet
  facet normal 0.207909 0.978148 -0
    outer loop
      vertex -0.418114 -3.97809 -3.1
      vertex -1.23607 -3.80423 -0.500001
      vertex -0.418114 -3.97809 -0.500001
    endloop
  endfacet
  facet normal 0.207909 0.978148 0
    outer loop
      vertex -1.23607 -3.80423 -0.500001
      vertex -0.418114 -3.97809 -3.1
      vertex -1.23607 -3.80423 -3.1
    endloop
  endfacet
  facet normal 0.207909 -0.978148 0
    outer loop
      vertex -1.23607 3.80423 -3.1
      vertex -0.418114 3.97809 -0.500001
      vertex -1.23607 3.80423 -0.500001
    endloop
  endfacet
  facet normal 0.207909 -0.978148 0
    outer loop
      vertex -0.418114 3.97809 -0.500001
      vertex -1.23607 3.80423 -3.1
      vertex -0.418114 3.97809 -3.1
    endloop
  endfacet
  facet normal 0.743143 -0.669133 0
    outer loop
      vertex -3.23607 2.35114 -0.500001
      vertex -2.67652 2.97258 -3.1
      vertex -2.67652 2.97258 -0.500001
    endloop
  endfacet
  facet normal 0.743143 -0.669133 0
    outer loop
      vertex -2.67652 2.97258 -3.1
      vertex -3.23607 2.35114 -0.500001
      vertex -3.23607 2.35114 -3.1
    endloop
  endfacet
  facet normal 0 -1 0
    outer loop
      vertex -0.418114 3.97809 -3.1
      vertex 0.418114 3.97809 -0.500001
      vertex -0.418114 3.97809 -0.500001
    endloop
  endfacet
  facet normal 0 -1 -0
    outer loop
      vertex 0.418114 3.97809 -0.500001
      vertex -0.418114 3.97809 -3.1
      vertex 0.418114 3.97809 -3.1
    endloop
  endfacet
  facet normal -0.406743 0.913543 0
    outer loop
      vertex 2 -3.4641 -3.1
      vertex 1.23607 -3.80423 -0.500001
      vertex 2 -3.4641 -0.500001
    endloop
  endfacet
  facet normal -0.406743 0.913543 0
    outer loop
      vertex 1.23607 -3.80423 -0.500001
      vertex 2 -3.4641 -3.1
      vertex 1.23607 -3.80423 -3.1
    endloop
  endfacet
  facet normal 0.587785 0.809017 -0
    outer loop
      vertex -2 -3.4641 -3.1
      vertex -2.67652 -2.97258 -0.500001
      vertex -2 -3.4641 -0.500001
    endloop
  endfacet
  facet normal 0.587785 0.809017 0
    outer loop
      vertex -2.67652 -2.97258 -0.500001
      vertex -2 -3.4641 -3.1
      vertex -2.67652 -2.97258 -3.1
    endloop
  endfacet
  facet normal 0.951056 -0.309017 0
    outer loop
      vertex -3.91259 0.831646 -0.500001
      vertex -3.65418 1.62695 -3.1
      vertex -3.65418 1.62695 -0.500001
    endloop
  endfacet
  facet normal 0.951056 -0.309017 0
    outer loop
      vertex -3.65418 1.62695 -3.1
      vertex -3.91259 0.831646 -0.500001
      vertex -3.91259 0.831646 -3.1
    endloop
  endfacet
  facet normal 0 0 1
    outer loop
      vertex 3.01199 2.6 -3.1
      vertex 9 0 -3.1
      vertex 8.80333 1.8712 -3.1
    endloop
  endfacet
  facet normal -0 0 1
    outer loop
      vertex 3.01199 2.6 -3.1
      vertex 8.80333 1.8712 -3.1
      vertex 8.56653 2.6 -3.1
    endloop
  endfacet
  facet normal 0 0 1
    outer loop
      vertex 3.01199 -2.6 -3.1
      vertex 9 0 -3.1
      vertex 3.01199 2.6 -3.1
    endloop
  endfacet
  facet normal 0 0 1
    outer loop
      vertex 9 0 -3.1
      vertex 3.01199 -2.6 -3.1
      vertex 8.80333 -1.8712 -3.1
    endloop
  endfacet
  facet normal 0 0 1
    outer loop
      vertex 8.80333 -1.8712 -3.1
      vertex 3.01199 -2.6 -3.1
      vertex 8.56653 -2.6 -3.1
    endloop
  endfacet
  facet normal 0 0 1
    outer loop
      vertex 0.802957 0.891773 -3.1
      vertex 3.01199 2.6 -3.1
      vertex 2.67652 2.97258 -3.1
    endloop
  endfacet
  facet normal 0 0 1
    outer loop
      vertex 3.01199 2.6 -3.1
      vertex 1.2 0 -3.1
      vertex 3.01199 -2.6 -3.1
    endloop
  endfacet
  facet normal 0 0 1
    outer loop
      vertex 0.802957 0.891773 -3.1
      vertex 2.67652 2.97258 -3.1
      vertex 2 3.4641 -3.1
    endloop
  endfacet
  facet normal -0 0 1
    outer loop
      vertex 1.17378 -0.249494 -3.1
      vertex 3.01199 -2.6 -3.1
      vertex 1.2 0 -3.1
    endloop
  endfacet
  facet normal 0 0 1
    outer loop
      vertex 0.599999 1.03923 -3.1
      vertex 2 3.4641 -3.1
      vertex 1.23607 3.80423 -3.1
    endloop
  endfacet
  facet normal -0 0 1
    outer loop
      vertex 1.09625 -0.488084 -3.1
      vertex 3.01199 -2.6 -3.1
      vertex 1.17378 -0.249494 -3.1
    endloop
  endfacet
  facet normal -0 0 1
    outer loop
      vertex 0.970819 -0.705342 -3.1
      vertex 3.01199 -2.6 -3.1
      vertex 1.09625 -0.488084 -3.1
    endloop
  endfacet
  facet normal 0 0 1
    outer loop
      vertex 3.01199 2.6 -3.1
      vertex 1.17378 0.249494 -3.1
      vertex 1.2 0 -3.1
    endloop
  endfacet
  facet normal 0 0 1
    outer loop
      vertex 3.01199 2.6 -3.1
      vertex 1.09625 0.488084 -3.1
      vertex 1.17378 0.249494 -3.1
    endloop
  endfacet
  facet normal 0 0 1
    outer loop
      vertex 3.01199 2.6 -3.1
      vertex 0.970819 0.705342 -3.1
      vertex 1.09625 0.488084 -3.1
    endloop
  endfacet
  facet normal 0 0 1
    outer loop
      vertex 3.01199 2.6 -3.1
      vertex 0.802957 0.891773 -3.1
      vertex 0.970819 0.705342 -3.1
    endloop
  endfacet
  facet normal 0 0 1
    outer loop
      vertex 2 3.4641 -3.1
      vertex 0.599999 1.03923 -3.1
      vertex 0.802957 0.891773 -3.1
    endloop
  endfacet
  facet normal 0 0 1
    outer loop
      vertex 0.37082 1.14127 -3.1
      vertex 1.23607 3.80423 -3.1
      vertex 0.418114 3.97809 -3.1
    endloop
  endfacet
  facet normal 0 0 1
    outer loop
      vertex 1.23607 3.80423 -3.1
      vertex 0.37082 1.14127 -3.1
      vertex 0.599999 1.03923 -3.1
    endloop
  endfacet
  facet normal 0 0 1
    outer loop
      vertex 0.418114 3.97809 -3.1
      vertex 0.125434 1.19343 -3.1
      vertex 0.37082 1.14127 -3.1
    endloop
  endfacet
  facet normal 0 0 1
    outer loop
      vertex 0.418114 3.97809 -3.1
      vertex -0.125434 1.19343 -3.1
      vertex 0.125434 1.19343 -3.1
    endloop
  endfacet
  facet normal -0 0 1
    outer loop
      vertex -0.418114 3.97809 -3.1
      vertex -0.125434 1.19343 -3.1
      vertex 0.418114 3.97809 -3.1
    endloop
  endfacet
  facet normal 0 0 1
    outer loop
      vertex -0.125434 1.19343 -3.1
      vertex -0.418114 3.97809 -3.1
      vertex -0.37082 1.14127 -3.1
    endloop
  endfacet
  facet normal -0 0 1
    outer loop
      vertex -1.23607 3.80423 -3.1
      vertex -0.37082 1.14127 -3.1
      vertex -0.418114 3.97809 -3.1
    endloop
  endfacet
  facet normal 0 0 1
    outer loop
      vertex -0.37082 1.14127 -3.1
      vertex -1.23607 3.80423 -3.1
      vertex -0.599999 1.03923 -3.1
    endloop
  endfacet
  facet normal -0 0 1
    outer loop
      vertex -2 3.4641 -3.1
      vertex -0.599999 1.03923 -3.1
      vertex -1.23607 3.80423 -3.1
    endloop
  endfacet
  facet normal 0 0 1
    outer loop
      vertex -0.599999 1.03923 -3.1
      vertex -2 3.4641 -3.1
      vertex -0.802957 0.891773 -3.1
    endloop
  endfacet
  facet normal -0 0 1
    outer loop
      vertex -2.67652 2.97258 -3.1
      vertex -0.802957 0.891773 -3.1
      vertex -2 3.4641 -3.1
    endloop
  endfacet
  facet normal -0 0 1
    outer loop
      vertex -3.23607 2.35114 -3.1
      vertex -0.970819 0.705342 -3.1
      vertex -2.67652 2.97258 -3.1
    endloop
  endfacet
  facet normal 0 0 1
    outer loop
      vertex -0.802957 0.891773 -3.1
      vertex -2.67652 2.97258 -3.1
      vertex -0.970819 0.705342 -3.1
    endloop
  endfacet
  facet normal -0 0 1
    outer loop
      vertex 0.802957 -0.891773 -3.1
      vertex 3.01199 -2.6 -3.1
      vertex 0.970819 -0.705342 -3.1
    endloop
  endfacet
  facet normal 0 0 1
    outer loop
      vertex 3.01199 -2.6 -3.1
      vertex 0.802957 -0.891773 -3.1
      vertex 2.67652 -2.97258 -3.1
    endloop
  endfacet
  facet normal 0 0 1
    outer loop
      vertex 2.67652 -2.97258 -3.1
      vertex 0.802957 -0.891773 -3.1
      vertex 2 -3.4641 -3.1
    endloop
  endfacet
  facet normal -0 0 1
    outer loop
      vertex 0.599999 -1.03923 -3.1
      vertex 2 -3.4641 -3.1
      vertex 0.802957 -0.891773 -3.1
    endloop
  endfacet
  facet normal 0 0 1
    outer loop
      vertex 2 -3.4641 -3.1
      vertex 0.599999 -1.03923 -3.1
      vertex 1.23607 -3.80423 -3.1
    endloop
  endfacet
  facet normal -0 0 1
    outer loop
      vertex 0.37082 -1.14127 -3.1
      vertex 1.23607 -3.80423 -3.1
      vertex 0.599999 -1.03923 -3.1
    endloop
  endfacet
  facet normal 0 0 1
    outer loop
      vertex 1.23607 -3.80423 -3.1
      vertex 0.37082 -1.14127 -3.1
      vertex 0.418114 -3.97809 -3.1
    endloop
  endfacet
  facet normal -0 0 1
    outer loop
      vertex 0.125434 -1.19343 -3.1
      vertex 0.418114 -3.97809 -3.1
      vertex 0.37082 -1.14127 -3.1
    endloop
  endfacet
  facet normal -0 0 1
    outer loop
      vertex -0.125434 -1.19343 -3.1
      vertex 0.418114 -3.97809 -3.1
      vertex 0.125434 -1.19343 -3.1
    endloop
  endfacet
  facet normal 0 0 1
    outer loop
      vertex -0.418114 -3.97809 -3.1
      vertex -0.125434 -1.19343 -3.1
      vertex -0.37082 -1.14127 -3.1
    endloop
  endfacet
  facet normal 0 0 1
    outer loop
      vertex -0.125434 -1.19343 -3.1
      vertex -0.418114 -3.97809 -3.1
      vertex 0.418114 -3.97809 -3.1
    endloop
  endfacet
  facet normal 0 0 1
    outer loop
      vertex -1.23607 -3.80423 -3.1
      vertex -0.37082 -1.14127 -3.1
      vertex -0.599999 -1.03923 -3.1
    endloop
  endfacet
  facet normal 0 0 1
    outer loop
      vertex -2 -3.4641 -3.1
      vertex -0.599999 -1.03923 -3.1
      vertex -0.802957 -0.891773 -3.1
    endloop
  endfacet
  facet normal 0 0 1
    outer loop
      vertex -2.67652 -2.97258 -3.1
      vertex -0.802957 -0.891773 -3.1
      vertex -0.970819 -0.705342 -3.1
    endloop
  endfacet
  facet normal 0 0 1
    outer loop
      vertex -3.23607 -2.35114 -3.1
      vertex -0.970819 -0.705342 -3.1
      vertex -1.09625 -0.488084 -3.1
    endloop
  endfacet
  facet normal 0 0 1
    outer loop
      vertex -3.65418 -1.62695 -3.1
      vertex -1.09625 -0.488084 -3.1
      vertex -1.17378 -0.249494 -3.1
    endloop
  endfacet
  facet normal 0 0 1
    outer loop
      vertex -0.37082 -1.14127 -3.1
      vertex -1.23607 -3.80423 -3.1
      vertex -0.418114 -3.97809 -3.1
    endloop
  endfacet
  facet normal 0 0 1
    outer loop
      vertex -3.91259 -0.831646 -3.1
      vertex -1.17378 -0.249494 -3.1
      vertex -1.2 0 -3.1
    endloop
  endfacet
  facet normal 0 0 1
    outer loop
      vertex -0.970819 0.705342 -3.1
      vertex -3.23607 2.35114 -3.1
      vertex -1.09625 0.488084 -3.1
    endloop
  endfacet
  facet normal -0 0 1
    outer loop
      vertex -3.65418 1.62695 -3.1
      vertex -1.09625 0.488084 -3.1
      vertex -3.23607 2.35114 -3.1
    endloop
  endfacet
  facet normal 0 0 1
    outer loop
      vertex -0.599999 -1.03923 -3.1
      vertex -2 -3.4641 -3.1
      vertex -1.23607 -3.80423 -3.1
    endloop
  endfacet
  facet normal 0 0 1
    outer loop
      vertex -1.09625 0.488084 -3.1
      vertex -3.65418 1.62695 -3.1
      vertex -1.17378 0.249494 -3.1
    endloop
  endfacet
  facet normal 0 0 1
    outer loop
      vertex -0.802957 -0.891773 -3.1
      vertex -2.67652 -2.97258 -3.1
      vertex -2 -3.4641 -3.1
    endloop
  endfacet
  facet normal -0 0 1
    outer loop
      vertex -3.91259 0.831646 -3.1
      vertex -1.17378 0.249494 -3.1
      vertex -3.65418 1.62695 -3.1
    endloop
  endfacet
  facet normal 0 0 1
    outer loop
      vertex -0.970819 -0.705342 -3.1
      vertex -3.23607 -2.35114 -3.1
      vertex -2.67652 -2.97258 -3.1
    endloop
  endfacet
  facet normal 0 0 1
    outer loop
      vertex -1.17378 0.249494 -3.1
      vertex -3.91259 0.831646 -3.1
      vertex -1.2 0 -3.1
    endloop
  endfacet
  facet normal 0 0 1
    outer loop
      vertex -1.09625 -0.488084 -3.1
      vertex -3.65418 -1.62695 -3.1
      vertex -3.23607 -2.35114 -3.1
    endloop
  endfacet
  facet normal 0 0 1
    outer loop
      vertex -4 0 -3.1
      vertex -1.2 0 -3.1
      vertex -3.91259 0.831646 -3.1
    endloop
  endfacet
  facet normal 0 0 1
    outer loop
      vertex -1.17378 -0.249494 -3.1
      vertex -3.91259 -0.831646 -3.1
      vertex -3.65418 -1.62695 -3.1
    endloop
  endfacet
  facet normal 0 0 1
    outer loop
      vertex -1.2 0 -3.1
      vertex -4 0 -3.1
      vertex -3.91259 -0.831646 -3.1
    endloop
  endfacet
  facet normal 0.587785 -0.809017 0
    outer loop
      vertex -2.67652 2.97258 -3.1
      vertex -2 3.4641 -0.500001
      vertex -2.67652 2.97258 -0.500001
    endloop
  endfacet
  facet normal 0.587785 -0.809017 0
    outer loop
      vertex -2 3.4641 -0.500001
      vertex -2.67652 2.97258 -3.1
      vertex -2 3.4641 -3.1
    endloop
  endfacet
  facet normal 0.951056 0.309017 0
    outer loop
      vertex -3.65418 -1.62695 -0.500001
      vertex -3.91259 -0.831646 -3.1
      vertex -3.91259 -0.831646 -0.500001
    endloop
  endfacet
  facet normal 0.951056 0.309017 0
    outer loop
      vertex -3.91259 -0.831646 -3.1
      vertex -3.65418 -1.62695 -0.500001
      vertex -3.65418 -1.62695 -3.1
    endloop
  endfacet
  facet normal 0.406743 -0.913543 0
    outer loop
      vertex -2 3.4641 -3.1
      vertex -1.23607 3.80423 -0.500001
      vertex -2 3.4641 -0.500001
    endloop
  endfacet
  facet normal 0.406743 -0.913543 0
    outer loop
      vertex -1.23607 3.80423 -0.500001
      vertex -2 3.4641 -3.1
      vertex -1.23607 3.80423 -3.1
    endloop
  endfacet
  facet normal 0 0 -1
    outer loop
      vertex 3.01199 -2.6 -0.500001
      vertex 9 0 -0.500001
      vertex 8.80333 -1.8712 -0.500001
    endloop
  endfacet
  facet normal 0 0 -1
    outer loop
      vertex 3.01199 -2.6 -0.500001
      vertex 8.80333 -1.8712 -0.500001
      vertex 8.56653 -2.6 -0.500001
    endloop
  endfacet
  facet normal 0 0 -1
    outer loop
      vertex 3.01199 2.6 -0.500001
      vertex 9 0 -0.500001
      vertex 3.01199 -2.6 -0.500001
    endloop
  endfacet
  facet normal 0 0 -1
    outer loop
      vertex 9 0 -0.500001
      vertex 3.01199 2.6 -0.500001
      vertex 8.80333 1.8712 -0.500001
    endloop
  endfacet
  facet normal 0 0 -1
    outer loop
      vertex 8.80333 1.8712 -0.500001
      vertex 3.01199 2.6 -0.500001
      vertex 8.56653 2.6 -0.500001
    endloop
  endfacet
  facet normal 0 0 -1
    outer loop
      vertex 0.802957 -0.891773 -0.500001
      vertex 3.01199 -2.6 -0.500001
      vertex 2.67652 -2.97258 -0.500001
    endloop
  endfacet
  facet normal 0 0 -1
    outer loop
      vertex 3.01199 -2.6 -0.500001
      vertex 1.2 0 -0.500001
      vertex 3.01199 2.6 -0.500001
    endloop
  endfacet
  facet normal 0 0 -1
    outer loop
      vertex 0.802957 -0.891773 -0.500001
      vertex 2.67652 -2.97258 -0.500001
      vertex 2 -3.4641 -0.500001
    endloop
  endfacet
  facet normal 0 0 -1
    outer loop
      vertex 1.17378 0.249494 -0.500001
      vertex 3.01199 2.6 -0.500001
      vertex 1.2 0 -0.500001
    endloop
  endfacet
  facet normal 0 0 -1
    outer loop
      vertex 0.599999 -1.03923 -0.500001
      vertex 2 -3.4641 -0.500001
      vertex 1.23607 -3.80423 -0.500001
    endloop
  endfacet
  facet normal 0 0 -1
    outer loop
      vertex 1.09625 0.488084 -0.500001
      vertex 3.01199 2.6 -0.500001
      vertex 1.17378 0.249494 -0.500001
    endloop
  endfacet
  facet normal 0 0 -1
    outer loop
      vertex 0.970819 0.705342 -0.500001
      vertex 3.01199 2.6 -0.500001
      vertex 1.09625 0.488084 -0.500001
    endloop
  endfacet
  facet normal 0 0 -1
    outer loop
      vertex 3.01199 -2.6 -0.500001
      vertex 1.17378 -0.249494 -0.500001
      vertex 1.2 0 -0.500001
    endloop
  endfacet
  facet normal 0 0 -1
    outer loop
      vertex 3.01199 -2.6 -0.500001
      vertex 1.09625 -0.488084 -0.500001
      vertex 1.17378 -0.249494 -0.500001
    endloop
  endfacet
  facet normal 0 0 -1
    outer loop
      vertex 3.01199 -2.6 -0.500001
      vertex 0.970819 -0.705342 -0.500001
      vertex 1.09625 -0.488084 -0.500001
    endloop
  endfacet
  facet normal 0 0 -1
    outer loop
      vertex 3.01199 -2.6 -0.500001
      vertex 0.802957 -0.891773 -0.500001
      vertex 0.970819 -0.705342 -0.500001
    endloop
  endfacet
  facet normal 0 0 -1
    outer loop
      vertex 2 -3.4641 -0.500001
      vertex 0.599999 -1.03923 -0.500001
      vertex 0.802957 -0.891773 -0.500001
    endloop
  endfacet
  facet normal 0 0 -1
    outer loop
      vertex 0.37082 -1.14127 -0.500001
      vertex 1.23607 -3.80423 -0.500001
      vertex 0.418114 -3.97809 -0.500001
    endloop
  endfacet
  facet normal 0 0 -1
    outer loop
      vertex 1.23607 -3.80423 -0.500001
      vertex 0.37082 -1.14127 -0.500001
      vertex 0.599999 -1.03923 -0.500001
    endloop
  endfacet
  facet normal 0 0 -1
    outer loop
      vertex 0.418114 -3.97809 -0.500001
      vertex 0.125434 -1.19343 -0.500001
      vertex 0.37082 -1.14127 -0.500001
    endloop
  endfacet
  facet normal 0 0 -1
    outer loop
      vertex 0.418114 -3.97809 -0.500001
      vertex -0.125434 -1.19343 -0.500001
      vertex 0.125434 -1.19343 -0.500001
    endloop
  endfacet
  facet normal 0 0 -1
    outer loop
      vertex -0.418114 -3.97809 -0.500001
      vertex -0.125434 -1.19343 -0.500001
      vertex 0.418114 -3.97809 -0.500001
    endloop
  endfacet
  facet normal -0 0 -1
    outer loop
      vertex -0.125434 -1.19343 -0.500001
      vertex -0.418114 -3.97809 -0.500001
      vertex -0.37082 -1.14127 -0.500001
    endloop
  endfacet
  facet normal 0 0 -1
    outer loop
      vertex -1.23607 -3.80423 -0.500001
      vertex -0.37082 -1.14127 -0.500001
      vertex -0.418114 -3.97809 -0.500001
    endloop
  endfacet
  facet normal -0 0 -1
    outer loop
      vertex -0.37082 -1.14127 -0.500001
      vertex -1.23607 -3.80423 -0.500001
      vertex -0.599999 -1.03923 -0.500001
    endloop
  endfacet
  facet normal 0 0 -1
    outer loop
      vertex -2 -3.4641 -0.500001
      vertex -0.599999 -1.03923 -0.500001
      vertex -1.23607 -3.80423 -0.500001
    endloop
  endfacet
  facet normal -0 0 -1
    outer loop
      vertex -0.599999 -1.03923 -0.500001
      vertex -2 -3.4641 -0.500001
      vertex -0.802957 -0.891773 -0.500001
    endloop
  endfacet
  facet normal 0 0 -1
    outer loop
      vertex -2.67652 -2.97258 -0.500001
      vertex -0.802957 -0.891773 -0.500001
      vertex -2 -3.4641 -0.500001
    endloop
  endfacet
  facet normal 0 0 -1
    outer loop
      vertex -3.23607 -2.35114 -0.500001
      vertex -0.970819 -0.705342 -0.500001
      vertex -2.67652 -2.97258 -0.500001
    endloop
  endfacet
  facet normal -0 0 -1
    outer loop
      vertex -0.802957 -0.891773 -0.500001
      vertex -2.67652 -2.97258 -0.500001
      vertex -0.970819 -0.705342 -0.500001
    endloop
  endfacet
  facet normal 0 0 -1
    outer loop
      vertex 0.802957 0.891773 -0.500001
      vertex 3.01199 2.6 -0.500001
      vertex 0.970819 0.705342 -0.500001
    endloop
  endfacet
  facet normal -0 0 -1
    outer loop
      vertex 3.01199 2.6 -0.500001
      vertex 0.802957 0.891773 -0.500001
      vertex 2.67652 2.97258 -0.500001
    endloop
  endfacet
  facet normal -0 0 -1
    outer loop
      vertex 2.67652 2.97258 -0.500001
      vertex 0.802957 0.891773 -0.500001
      vertex 2 3.4641 -0.500001
    endloop
  endfacet
  facet normal 0 0 -1
    outer loop
      vertex 0.599999 1.03923 -0.500001
      vertex 2 3.4641 -0.500001
      vertex 0.802957 0.891773 -0.500001
    endloop
  endfacet
  facet normal -0 0 -1
    outer loop
      vertex 2 3.4641 -0.500001
      vertex 0.599999 1.03923 -0.500001
      vertex 1.23607 3.80423 -0.500001
    endloop
  endfacet
  facet normal 0 0 -1
    outer loop
      vertex 0.37082 1.14127 -0.500001
      vertex 1.23607 3.80423 -0.500001
      vertex 0.599999 1.03923 -0.500001
    endloop
  endfacet
  facet normal -0 0 -1
    outer loop
      vertex 1.23607 3.80423 -0.500001
      vertex 0.37082 1.14127 -0.500001
      vertex 0.418114 3.97809 -0.500001
    endloop
  endfacet
  facet normal 0 0 -1
    outer loop
      vertex 0.125434 1.19343 -0.500001
      vertex 0.418114 3.97809 -0.500001
      vertex 0.37082 1.14127 -0.500001
    endloop
  endfacet
  facet normal 0 0 -1
    outer loop
      vertex -0.125434 1.19343 -0.500001
      vertex 0.418114 3.97809 -0.500001
      vertex 0.125434 1.19343 -0.500001
    endloop
  endfacet
  facet normal 0 0 -1
    outer loop
      vertex -0.418114 3.97809 -0.500001
      vertex -0.125434 1.19343 -0.500001
      vertex -0.37082 1.14127 -0.500001
    endloop
  endfacet
  facet normal 0 0 -1
    outer loop
      vertex -0.125434 1.19343 -0.500001
      vertex -0.418114 3.97809 -0.500001
      vertex 0.418114 3.97809 -0.500001
    endloop
  endfacet
  facet normal 0 0 -1
    outer loop
      vertex -1.23607 3.80423 -0.500001
      vertex -0.37082 1.14127 -0.500001
      vertex -0.599999 1.03923 -0.500001
    endloop
  endfacet
  facet normal 0 0 -1
    outer loop
      vertex -2 3.4641 -0.500001
      vertex -0.599999 1.03923 -0.500001
      vertex -0.802957 0.891773 -0.500001
    endloop
  endfacet
  facet normal 0 0 -1
    outer loop
      vertex -2.67652 2.97258 -0.500001
      vertex -0.802957 0.891773 -0.500001
      vertex -0.970819 0.705342 -0.500001
    endloop
  endfacet
  facet normal 0 0 -1
    outer loop
      vertex -3.23607 2.35114 -0.500001
      vertex -0.970819 0.705342 -0.500001
      vertex -1.09625 0.488084 -0.500001
    endloop
  endfacet
  facet normal 0 0 -1
    outer loop
      vertex -3.65418 1.62695 -0.500001
      vertex -1.09625 0.488084 -0.500001
      vertex -1.17378 0.249494 -0.500001
    endloop
  endfacet
  facet normal 0 0 -1
    outer loop
      vertex -0.37082 1.14127 -0.500001
      vertex -1.23607 3.80423 -0.500001
      vertex -0.418114 3.97809 -0.500001
    endloop
  endfacet
  facet normal 0 0 -1
    outer loop
      vertex -3.91259 0.831646 -0.500001
      vertex -1.17378 0.249494 -0.500001
      vertex -1.2 0 -0.500001
    endloop
  endfacet
  facet normal -0 0 -1
    outer loop
      vertex -0.970819 -0.705342 -0.500001
      vertex -3.23607 -2.35114 -0.500001
      vertex -1.09625 -0.488084 -0.500001
    endloop
  endfacet
  facet normal 0 0 -1
    outer loop
      vertex -3.65418 -1.62695 -0.500001
      vertex -1.09625 -0.488084 -0.500001
      vertex -3.23607 -2.35114 -0.500001
    endloop
  endfacet
  facet normal 0 0 -1
    outer loop
      vertex -0.599999 1.03923 -0.500001
      vertex -2 3.4641 -0.500001
      vertex -1.23607 3.80423 -0.500001
    endloop
  endfacet
  facet normal -0 0 -1
    outer loop
      vertex -1.09625 -0.488084 -0.500001
      vertex -3.65418 -1.62695 -0.500001
      vertex -1.17378 -0.249494 -0.500001
    endloop
  endfacet
  facet normal 0 0 -1
    outer loop
      vertex -0.802957 0.891773 -0.500001
      vertex -2.67652 2.97258 -0.500001
      vertex -2 3.4641 -0.500001
    endloop
  endfacet
  facet normal 0 0 -1
    outer loop
      vertex -3.91259 -0.831646 -0.500001
      vertex -1.17378 -0.249494 -0.500001
      vertex -3.65418 -1.62695 -0.500001
    endloop
  endfacet
  facet normal 0 0 -1
    outer loop
      vertex -0.970819 0.705342 -0.500001
      vertex -3.23607 2.35114 -0.500001
      vertex -2.67652 2.97258 -0.500001
    endloop
  endfacet
  facet normal -0 0 -1
    outer loop
      vertex -1.17378 -0.249494 -0.500001
      vertex -3.91259 -0.831646 -0.500001
      vertex -1.2 0 -0.500001
    endloop
  endfacet
  facet normal 0 0 -1
    outer loop
      vertex -1.09625 0.488084 -0.500001
      vertex -3.65418 1.62695 -0.500001
      vertex -3.23607 2.35114 -0.500001
    endloop
  endfacet
  facet normal 0 0 -1
    outer loop
      vertex -4 0 -0.500001
      vertex -1.2 0 -0.500001
      vertex -3.91259 -0.831646 -0.500001
    endloop
  endfacet
  facet normal 0 0 -1
    outer loop
      vertex -1.17378 0.249494 -0.500001
      vertex -3.91259 0.831646 -0.500001
      vertex -3.65418 1.62695 -0.500001
    endloop
  endfacet
  facet normal 0 0 -1
    outer loop
      vertex -1.2 0 -0.500001
      vertex -4 0 -0.500001
      vertex -3.91259 0.831646 -0.500001
    endloop
  endfacet
  facet normal -0.207909 0.978148 0
    outer loop
      vertex 1.23607 -3.80423 -3.1
      vertex 0.418114 -3.97809 -0.500001
      vertex 1.23607 -3.80423 -0.500001
    endloop
  endfacet
  facet normal -0.207909 0.978148 0
    outer loop
      vertex 0.418114 -3.97809 -0.500001
      vertex 1.23607 -3.80423 -3.1
      vertex 0.418114 -3.97809 -3.1
    endloop
  endfacet
  facet normal 0.994522 0.104529 0
    outer loop
      vertex -3.91259 -0.831646 -0.500001
      vertex -4 0 -3.1
      vertex -4 0 -0.500001
    endloop
  endfacet
  facet normal 0.994522 0.104529 0
    outer loop
      vertex -4 0 -3.1
      vertex -3.91259 -0.831646 -0.500001
      vertex -3.91259 -0.831646 -3.1
    endloop
  endfacet
  facet normal 0.866026 0.499999 0
    outer loop
      vertex -3.23607 -2.35114 -0.500001
      vertex -3.65418 -1.62695 -3.1
      vertex -3.65418 -1.62695 -0.500001
    endloop
  endfacet
  facet normal 0.866026 0.499999 0
    outer loop
      vertex -3.65418 -1.62695 -3.1
      vertex -3.23607 -2.35114 -0.500001
      vertex -3.23607 -2.35114 -3.1
    endloop
  endfacet
  facet normal 0.866026 -0.499999 0
    outer loop
      vertex -3.65418 1.62695 -0.500001
      vertex -3.23607 2.35114 -3.1
      vertex -3.23607 2.35114 -0.500001
    endloop
  endfacet
  facet normal 0.866026 -0.499999 0
    outer loop
      vertex -3.23607 2.35114 -3.1
      vertex -3.65418 1.62695 -0.500001
      vertex -3.65418 1.62695 -3.1
    endloop
  endfacet
  facet normal -0.406743 -0.913543 0
    outer loop
      vertex 1.23607 3.80423 -3.1
      vertex 2 3.4641 -0.500001
      vertex 1.23607 3.80423 -0.500001
    endloop
  endfacet
  facet normal -0.406743 -0.913543 -0
    outer loop
      vertex 2 3.4641 -0.500001
      vertex 1.23607 3.80423 -3.1
      vertex 2 3.4641 -3.1
    endloop
  endfacet
  facet normal -0.207909 -0.978148 0
    outer loop
      vertex 0.418114 3.97809 -3.1
      vertex 1.23607 3.80423 -0.500001
      vertex 0.418114 3.97809 -0.500001
    endloop
  endfacet
  facet normal -0.207909 -0.978148 -0
    outer loop
      vertex 1.23607 3.80423 -0.500001
      vertex 0.418114 3.97809 -3.1
      vertex 1.23607 3.80423 -3.1
    endloop
  endfacet
  facet normal -0.743147 0.669128 0
    outer loop
      vertex 2.67652 -2.97258 -3.1
      vertex 3.01199 -2.6 -0.500001
      vertex 3.01199 -2.6 -3.1
    endloop
  endfacet
  facet normal -0.743147 0.669128 0
    outer loop
      vertex 3.01199 -2.6 -0.500001
      vertex 2.67652 -2.97258 -3.1
      vertex 2.67652 -2.97258 -0.500001
    endloop
  endfacet
  facet normal 0 1 -0
    outer loop
      vertex 0.418114 -3.97809 -3.1
      vertex -0.418114 -3.97809 -0.500001
      vertex 0.418114 -3.97809 -0.500001
    endloop
  endfacet
  facet normal 0 1 0
    outer loop
      vertex -0.418114 -3.97809 -0.500001
      vertex 0.418114 -3.97809 -3.1
      vertex -0.418114 -3.97809 -3.1
    endloop
  endfacet
  facet normal 0.994522 -0.104529 0
    outer loop
      vertex -4 0 -0.500001
      vertex -3.91259 0.831646 -3.1
      vertex -3.91259 0.831646 -0.500001
    endloop
  endfacet
  facet normal 0.994522 -0.104529 0
    outer loop
      vertex -3.91259 0.831646 -3.1
      vertex -4 0 -0.500001
      vertex -4 0 -3.1
    endloop
  endfacet
  facet normal 0 -1 0
    outer loop
      vertex 3.01199 2.6 -3.1
      vertex 8.56653 2.6 -0.500001
      vertex 3.01199 2.6 -0.500001
    endloop
  endfacet
  facet normal 0 -1 -0
    outer loop
      vertex 8.56653 2.6 -0.500001
      vertex 3.01199 2.6 -3.1
      vertex 8.56653 2.6 -3.1
    endloop
  endfacet
  facet normal 0 1 -0
    outer loop
      vertex 8.56653 -2.6 -3.1
      vertex 3.01199 -2.6 -0.500001
      vertex 8.56653 -2.6 -0.500001
    endloop
  endfacet
  facet normal 0 1 0
    outer loop
      vertex 3.01199 -2.6 -0.500001
      vertex 8.56653 -2.6 -3.1
      vertex 3.01199 -2.6 -3.1
    endloop
  endfacet
  facet normal -0.951048 -0.309044 0
    outer loop
      vertex 1.17378 0.249494 -6.8
      vertex 1.09625 0.488084 -3.1
      vertex 1.09625 0.488084 -6.8
    endloop
  endfacet
  facet normal -0.951048 -0.309044 0
    outer loop
      vertex 1.09625 0.488084 -3.1
      vertex 1.17378 0.249494 -6.8
      vertex 1.17378 0.249494 -3.1
    endloop
  endfacet
  facet normal -0.951048 -0.309044 0
    outer loop
      vertex 1.17378 0.249494 -0.500001
      vertex 1.09625 0.488084 3.2
      vertex 1.09625 0.488084 -0.500001
    endloop
  endfacet
  facet normal -0.951048 -0.309044 0
    outer loop
      vertex 1.09625 0.488084 3.2
      vertex 1.17378 0.249494 -0.500001
      vertex 1.17378 0.249494 3.2
    endloop
  endfacet
  facet normal -0.994523 -0.104517 0
    outer loop
      vertex 1.2 0 -6.8
      vertex 1.17378 0.249494 -3.1
      vertex 1.17378 0.249494 -6.8
    endloop
  endfacet
  facet normal -0.994523 -0.104517 0
    outer loop
      vertex 1.17378 0.249494 -3.1
      vertex 1.2 0 -6.8
      vertex 1.2 0 -3.1
    endloop
  endfacet
  facet normal -0.994523 -0.104517 0
    outer loop
      vertex 1.2 0 -0.500001
      vertex 1.17378 0.249494 3.2
      vertex 1.17378 0.249494 -0.500001
    endloop
  endfacet
  facet normal -0.994523 -0.104517 0
    outer loop
      vertex 1.17378 0.249494 3.2
      vertex 1.2 0 -0.500001
      vertex 1.2 0 3.2
    endloop
  endfacet
  facet normal -0.951048 0.309044 0
    outer loop
      vertex 1.09625 -0.488084 -0.500001
      vertex 1.17378 -0.249494 3.2
      vertex 1.17378 -0.249494 -0.500001
    endloop
  endfacet
  facet normal -0.951048 0.309044 0
    outer loop
      vertex 1.17378 -0.249494 3.2
      vertex 1.09625 -0.488084 -0.500001
      vertex 1.09625 -0.488084 3.2
    endloop
  endfacet
  facet normal -0.951048 0.309044 0
    outer loop
      vertex 1.09625 -0.488084 -6.8
      vertex 1.17378 -0.249494 -3.1
      vertex 1.17378 -0.249494 -6.8
    endloop
  endfacet
  facet normal -0.951048 0.309044 0
    outer loop
      vertex 1.17378 -0.249494 -3.1
      vertex 1.09625 -0.488084 -6.8
      vertex 1.09625 -0.488084 -3.1
    endloop
  endfacet
  facet normal 0.587784 0.809018 -0
    outer loop
      vertex -0.599999 -1.03923 -0.500001
      vertex -0.802957 -0.891773 3.2
      vertex -0.599999 -1.03923 3.2
    endloop
  endfacet
  facet normal 0.587784 0.809018 0
    outer loop
      vertex -0.802957 -0.891773 3.2
      vertex -0.599999 -1.03923 -0.500001
      vertex -0.802957 -0.891773 -0.500001
    endloop
  endfacet
  facet normal 0.587784 0.809018 -0
    outer loop
      vertex -0.599999 -1.03923 -6.8
      vertex -0.802957 -0.891773 -3.1
      vertex -0.599999 -1.03923 -3.1
    endloop
  endfacet
  facet normal 0.587784 0.809018 0
    outer loop
      vertex -0.802957 -0.891773 -3.1
      vertex -0.599999 -1.03923 -6.8
      vertex -0.802957 -0.891773 -6.8
    endloop
  endfacet
  facet normal -0.207918 0.978146 0
    outer loop
      vertex 0.37082 -1.14127 -0.500001
      vertex 0.125434 -1.19343 3.2
      vertex 0.37082 -1.14127 3.2
    endloop
  endfacet
  facet normal -0.207918 0.978146 0
    outer loop
      vertex 0.125434 -1.19343 3.2
      vertex 0.37082 -1.14127 -0.500001
      vertex 0.125434 -1.19343 -0.500001
    endloop
  endfacet
  facet normal -0.207918 0.978146 0
    outer loop
      vertex 0.37082 -1.14127 -6.8
      vertex 0.125434 -1.19343 -3.1
      vertex 0.37082 -1.14127 -3.1
    endloop
  endfacet
  facet normal -0.207918 0.978146 0
    outer loop
      vertex 0.125434 -1.19343 -3.1
      vertex 0.37082 -1.14127 -6.8
      vertex 0.125434 -1.19343 -6.8
    endloop
  endfacet
  facet normal 0.866031 0.499991 0
    outer loop
      vertex -0.970819 -0.705342 -3.1
      vertex -1.09625 -0.488084 -6.8
      vertex -1.09625 -0.488084 -3.1
    endloop
  endfacet
  facet normal 0.866031 0.499991 0
    outer loop
      vertex -1.09625 -0.488084 -6.8
      vertex -0.970819 -0.705342 -3.1
      vertex -0.970819 -0.705342 -6.8
    endloop
  endfacet
  facet normal 0.866031 0.499991 0
    outer loop
      vertex -0.970819 -0.705342 3.2
      vertex -1.09625 -0.488084 -0.500001
      vertex -1.09625 -0.488084 3.2
    endloop
  endfacet
  facet normal 0.866031 0.499991 0
    outer loop
      vertex -1.09625 -0.488084 -0.500001
      vertex -0.970819 -0.705342 3.2
      vertex -0.970819 -0.705342 -0.500001
    endloop
  endfacet
  facet normal -0.207918 -0.978146 0
    outer loop
      vertex 0.125434 1.19343 -0.500001
      vertex 0.37082 1.14127 3.2
      vertex 0.125434 1.19343 3.2
    endloop
  endfacet
  facet normal -0.207918 -0.978146 -0
    outer loop
      vertex 0.37082 1.14127 3.2
      vertex 0.125434 1.19343 -0.500001
      vertex 0.37082 1.14127 -0.500001
    endloop
  endfacet
  facet normal -0.207918 -0.978146 0
    outer loop
      vertex 0.125434 1.19343 -6.8
      vertex 0.37082 1.14127 -3.1
      vertex 0.125434 1.19343 -3.1
    endloop
  endfacet
  facet normal -0.207918 -0.978146 -0
    outer loop
      vertex 0.37082 1.14127 -3.1
      vertex 0.125434 1.19343 -6.8
      vertex 0.37082 1.14127 -6.8
    endloop
  endfacet
  facet normal 0.207918 0.978146 -0
    outer loop
      vertex -0.125434 -1.19343 -6.8
      vertex -0.37082 -1.14127 -3.1
      vertex -0.125434 -1.19343 -3.1
    endloop
  endfacet
  facet normal 0.207918 0.978146 0
    outer loop
      vertex -0.37082 -1.14127 -3.1
      vertex -0.125434 -1.19343 -6.8
      vertex -0.37082 -1.14127 -6.8
    endloop
  endfacet
  facet normal 0.207918 0.978146 -0
    outer loop
      vertex -0.125434 -1.19343 -0.500001
      vertex -0.37082 -1.14127 3.2
      vertex -0.125434 -1.19343 3.2
    endloop
  endfacet
  facet normal 0.207918 0.978146 0
    outer loop
      vertex -0.37082 -1.14127 3.2
      vertex -0.125434 -1.19343 -0.500001
      vertex -0.37082 -1.14127 -0.500001
    endloop
  endfacet
  facet normal -0.587784 -0.809018 0
    outer loop
      vertex 0.599999 1.03923 -0.500001
      vertex 0.802957 0.891773 3.2
      vertex 0.599999 1.03923 3.2
    endloop
  endfacet
  facet normal -0.587784 -0.809018 -0
    outer loop
      vertex 0.802957 0.891773 3.2
      vertex 0.599999 1.03923 -0.500001
      vertex 0.802957 0.891773 -0.500001
    endloop
  endfacet
  facet normal -0.587784 -0.809018 0
    outer loop
      vertex 0.599999 1.03923 -6.8
      vertex 0.802957 0.891773 -3.1
      vertex 0.599999 1.03923 -3.1
    endloop
  endfacet
  facet normal -0.587784 -0.809018 -0
    outer loop
      vertex 0.802957 0.891773 -3.1
      vertex 0.599999 1.03923 -6.8
      vertex 0.802957 0.891773 -6.8
    endloop
  endfacet
  facet normal -0.406746 -0.913541 0
    outer loop
      vertex 0.37082 1.14127 -0.500001
      vertex 0.599999 1.03923 3.2
      vertex 0.37082 1.14127 3.2
    endloop
  endfacet
  facet normal -0.406746 -0.913541 -0
    outer loop
      vertex 0.599999 1.03923 3.2
      vertex 0.37082 1.14127 -0.500001
      vertex 0.599999 1.03923 -0.500001
    endloop
  endfacet
  facet normal -0.406746 -0.913541 0
    outer loop
      vertex 0.37082 1.14127 -6.8
      vertex 0.599999 1.03923 -3.1
      vertex 0.37082 1.14127 -3.1
    endloop
  endfacet
  facet normal -0.406746 -0.913541 -0
    outer loop
      vertex 0.599999 1.03923 -3.1
      vertex 0.37082 1.14127 -6.8
      vertex 0.599999 1.03923 -6.8
    endloop
  endfacet
  facet normal 0.951048 -0.309044 0
    outer loop
      vertex -1.17378 0.249494 -3.1
      vertex -1.09625 0.488084 -6.8
      vertex -1.09625 0.488084 -3.1
    endloop
  endfacet
  facet normal 0.951048 -0.309044 0
    outer loop
      vertex -1.09625 0.488084 -6.8
      vertex -1.17378 0.249494 -3.1
      vertex -1.17378 0.249494 -6.8
    endloop
  endfacet
  facet normal 0.951048 -0.309044 0
    outer loop
      vertex -1.17378 0.249494 3.2
      vertex -1.09625 0.488084 -0.500001
      vertex -1.09625 0.488084 3.2
    endloop
  endfacet
  facet normal 0.951048 -0.309044 0
    outer loop
      vertex -1.09625 0.488084 -0.500001
      vertex -1.17378 0.249494 3.2
      vertex -1.17378 0.249494 -0.500001
    endloop
  endfacet
  facet normal 0.406746 0.913541 -0
    outer loop
      vertex -0.37082 -1.14127 -6.8
      vertex -0.599999 -1.03923 -3.1
      vertex -0.37082 -1.14127 -3.1
    endloop
  endfacet
  facet normal 0.406746 0.913541 0
    outer loop
      vertex -0.599999 -1.03923 -3.1
      vertex -0.37082 -1.14127 -6.8
      vertex -0.599999 -1.03923 -6.8
    endloop
  endfacet
  facet normal 0.406746 0.913541 -0
    outer loop
      vertex -0.37082 -1.14127 -0.500001
      vertex -0.599999 -1.03923 3.2
      vertex -0.37082 -1.14127 3.2
    endloop
  endfacet
  facet normal 0.406746 0.913541 0
    outer loop
      vertex -0.599999 -1.03923 3.2
      vertex -0.37082 -1.14127 -0.500001
      vertex -0.599999 -1.03923 -0.500001
    endloop
  endfacet
  facet normal 0.866031 -0.499991 0
    outer loop
      vertex -1.09625 0.488084 -3.1
      vertex -0.970819 0.705342 -6.8
      vertex -0.970819 0.705342 -3.1
    endloop
  endfacet
  facet normal 0.866031 -0.499991 0
    outer loop
      vertex -0.970819 0.705342 -6.8
      vertex -1.09625 0.488084 -3.1
      vertex -1.09625 0.488084 -6.8
    endloop
  endfacet
  facet normal 0.866031 -0.499991 0
    outer loop
      vertex -1.09625 0.488084 3.2
      vertex -0.970819 0.705342 -0.500001
      vertex -0.970819 0.705342 3.2
    endloop
  endfacet
  facet normal 0.866031 -0.499991 0
    outer loop
      vertex -0.970819 0.705342 -0.500001
      vertex -1.09625 0.488084 3.2
      vertex -1.09625 0.488084 -0.500001
    endloop
  endfacet
  facet normal -0.587784 0.809018 0
    outer loop
      vertex 0.802957 -0.891773 -6.8
      vertex 0.599999 -1.03923 -3.1
      vertex 0.802957 -0.891773 -3.1
    endloop
  endfacet
  facet normal -0.587784 0.809018 0
    outer loop
      vertex 0.599999 -1.03923 -3.1
      vertex 0.802957 -0.891773 -6.8
      vertex 0.599999 -1.03923 -6.8
    endloop
  endfacet
  facet normal -0.587784 0.809018 0
    outer loop
      vertex 0.802957 -0.891773 -0.500001
      vertex 0.599999 -1.03923 3.2
      vertex 0.802957 -0.891773 3.2
    endloop
  endfacet
  facet normal -0.587784 0.809018 0
    outer loop
      vertex 0.599999 -1.03923 3.2
      vertex 0.802957 -0.891773 -0.500001
      vertex 0.599999 -1.03923 -0.500001
    endloop
  endfacet
  facet normal 0.207918 -0.978146 0
    outer loop
      vertex -0.37082 1.14127 -6.8
      vertex -0.125434 1.19343 -3.1
      vertex -0.37082 1.14127 -3.1
    endloop
  endfacet
  facet normal 0.207918 -0.978146 0
    outer loop
      vertex -0.125434 1.19343 -3.1
      vertex -0.37082 1.14127 -6.8
      vertex -0.125434 1.19343 -6.8
    endloop
  endfacet
  facet normal 0.207918 -0.978146 0
    outer loop
      vertex -0.37082 1.14127 -0.500001
      vertex -0.125434 1.19343 3.2
      vertex -0.37082 1.14127 3.2
    endloop
  endfacet
  facet normal 0.207918 -0.978146 0
    outer loop
      vertex -0.125434 1.19343 3.2
      vertex -0.37082 1.14127 -0.500001
      vertex -0.125434 1.19343 -0.500001
    endloop
  endfacet
  facet normal -0.994523 0.104517 0
    outer loop
      vertex 1.17378 -0.249494 -0.500001
      vertex 1.2 0 3.2
      vertex 1.2 0 -0.500001
    endloop
  endfacet
  facet normal -0.994523 0.104517 0
    outer loop
      vertex 1.2 0 3.2
      vertex 1.17378 -0.249494 -0.500001
      vertex 1.17378 -0.249494 3.2
    endloop
  endfacet
  facet normal -0.994523 0.104517 0
    outer loop
      vertex 1.17378 -0.249494 -6.8
      vertex 1.2 0 -3.1
      vertex 1.2 0 -6.8
    endloop
  endfacet
  facet normal -0.994523 0.104517 0
    outer loop
      vertex 1.2 0 -3.1
      vertex 1.17378 -0.249494 -6.8
      vertex 1.17378 -0.249494 -3.1
    endloop
  endfacet
  facet normal 0.743147 -0.669128 0
    outer loop
      vertex -0.970819 0.705342 3.2
      vertex -0.802957 0.891773 -0.500001
      vertex -0.802957 0.891773 3.2
    endloop
  endfacet
  facet normal 0.743147 -0.669128 0
    outer loop
      vertex -0.802957 0.891773 -0.500001
      vertex -0.970819 0.705342 3.2
      vertex -0.970819 0.705342 -0.500001
    endloop
  endfacet
  facet normal 0.743147 -0.669128 0
    outer loop
      vertex -0.970819 0.705342 -3.1
      vertex -0.802957 0.891773 -6.8
      vertex -0.802957 0.891773 -3.1
    endloop
  endfacet
  facet normal 0.743147 -0.669128 0
    outer loop
      vertex -0.802957 0.891773 -6.8
      vertex -0.970819 0.705342 -3.1
      vertex -0.970819 0.705342 -6.8
    endloop
  endfacet
  facet normal 0 -1 0
    outer loop
      vertex -0.125434 1.19343 -0.500001
      vertex 0.125434 1.19343 3.2
      vertex -0.125434 1.19343 3.2
    endloop
  endfacet
  facet normal 0 -1 -0
    outer loop
      vertex 0.125434 1.19343 3.2
      vertex -0.125434 1.19343 -0.500001
      vertex 0.125434 1.19343 -0.500001
    endloop
  endfacet
  facet normal 0 -1 0
    outer loop
      vertex -0.125434 1.19343 -6.8
      vertex 0.125434 1.19343 -3.1
      vertex -0.125434 1.19343 -3.1
    endloop
  endfacet
  facet normal 0 -1 -0
    outer loop
      vertex 0.125434 1.19343 -3.1
      vertex -0.125434 1.19343 -6.8
      vertex 0.125434 1.19343 -6.8
    endloop
  endfacet
  facet normal -0.866031 0.499991 0
    outer loop
      vertex 0.970819 -0.705342 -6.8
      vertex 1.09625 -0.488084 -3.1
      vertex 1.09625 -0.488084 -6.8
    endloop
  endfacet
  facet normal -0.866031 0.499991 0
    outer loop
      vertex 1.09625 -0.488084 -3.1
      vertex 0.970819 -0.705342 -6.8
      vertex 0.970819 -0.705342 -3.1
    endloop
  endfacet
  facet normal -0.866031 0.499991 0
    outer loop
      vertex 0.970819 -0.705342 -0.500001
      vertex 1.09625 -0.488084 3.2
      vertex 1.09625 -0.488084 -0.500001
    endloop
  endfacet
  facet normal -0.866031 0.499991 0
    outer loop
      vertex 1.09625 -0.488084 3.2
      vertex 0.970819 -0.705342 -0.500001
      vertex 0.970819 -0.705342 3.2
    endloop
  endfacet
  facet normal 0.587784 -0.809018 0
    outer loop
      vertex -0.802957 0.891773 -6.8
      vertex -0.599999 1.03923 -3.1
      vertex -0.802957 0.891773 -3.1
    endloop
  endfacet
  facet normal 0.587784 -0.809018 0
    outer loop
      vertex -0.599999 1.03923 -3.1
      vertex -0.802957 0.891773 -6.8
      vertex -0.599999 1.03923 -6.8
    endloop
  endfacet
  facet normal 0.587784 -0.809018 0
    outer loop
      vertex -0.802957 0.891773 -0.500001
      vertex -0.599999 1.03923 3.2
      vertex -0.802957 0.891773 3.2
    endloop
  endfacet
  facet normal 0.587784 -0.809018 0
    outer loop
      vertex -0.599999 1.03923 3.2
      vertex -0.802957 0.891773 -0.500001
      vertex -0.599999 1.03923 -0.500001
    endloop
  endfacet
  facet normal -0.406746 0.913541 0
    outer loop
      vertex 0.599999 -1.03923 -6.8
      vertex 0.37082 -1.14127 -3.1
      vertex 0.599999 -1.03923 -3.1
    endloop
  endfacet
  facet normal -0.406746 0.913541 0
    outer loop
      vertex 0.37082 -1.14127 -3.1
      vertex 0.599999 -1.03923 -6.8
      vertex 0.37082 -1.14127 -6.8
    endloop
  endfacet
  facet normal -0.406746 0.913541 0
    outer loop
      vertex 0.599999 -1.03923 -0.500001
      vertex 0.37082 -1.14127 3.2
      vertex 0.599999 -1.03923 3.2
    endloop
  endfacet
  facet normal -0.406746 0.913541 0
    outer loop
      vertex 0.37082 -1.14127 3.2
      vertex 0.599999 -1.03923 -0.500001
      vertex 0.37082 -1.14127 -0.500001
    endloop
  endfacet
  facet normal 0.406746 -0.913541 0
    outer loop
      vertex -0.599999 1.03923 -6.8
      vertex -0.37082 1.14127 -3.1
      vertex -0.599999 1.03923 -3.1
    endloop
  endfacet
  facet normal 0.406746 -0.913541 0
    outer loop
      vertex -0.37082 1.14127 -3.1
      vertex -0.599999 1.03923 -6.8
      vertex -0.37082 1.14127 -6.8
    endloop
  endfacet
  facet normal 0.406746 -0.913541 0
    outer loop
      vertex -0.599999 1.03923 -0.500001
      vertex -0.37082 1.14127 3.2
      vertex -0.599999 1.03923 3.2
    endloop
  endfacet
  facet normal 0.406746 -0.913541 0
    outer loop
      vertex -0.37082 1.14127 3.2
      vertex -0.599999 1.03923 -0.500001
      vertex -0.37082 1.14127 -0.500001
    endloop
  endfacet
  facet normal -0.743147 0.669128 0
    outer loop
      vertex 0.802957 -0.891773 -6.8
      vertex 0.970819 -0.705342 -3.1
      vertex 0.970819 -0.705342 -6.8
    endloop
  endfacet
  facet normal -0.743147 0.669128 0
    outer loop
      vertex 0.970819 -0.705342 -3.1
      vertex 0.802957 -0.891773 -6.8
      vertex 0.802957 -0.891773 -3.1
    endloop
  endfacet
  facet normal -0.743147 0.669128 0
    outer loop
      vertex 0.802957 -0.891773 -0.500001
      vertex 0.970819 -0.705342 3.2
      vertex 0.970819 -0.705342 -0.500001
    endloop
  endfacet
  facet normal -0.743147 0.669128 0
    outer loop
      vertex 0.970819 -0.705342 3.2
      vertex 0.802957 -0.891773 -0.500001
      vertex 0.802957 -0.891773 3.2
    endloop
  endfacet
  facet normal -0.743147 -0.669128 0
    outer loop
      vertex 0.970819 0.705342 -0.500001
      vertex 0.802957 0.891773 3.2
      vertex 0.802957 0.891773 -0.500001
    endloop
  endfacet
  facet normal -0.743147 -0.669128 0
    outer loop
      vertex 0.802957 0.891773 3.2
      vertex 0.970819 0.705342 -0.500001
      vertex 0.970819 0.705342 3.2
    endloop
  endfacet
  facet normal -0.743147 -0.669128 0
    outer loop
      vertex 0.970819 0.705342 -6.8
      vertex 0.802957 0.891773 -3.1
      vertex 0.802957 0.891773 -6.8
    endloop
  endfacet
  facet normal -0.743147 -0.669128 0
    outer loop
      vertex 0.802957 0.891773 -3.1
      vertex 0.970819 0.705342 -6.8
      vertex 0.970819 0.705342 -3.1
    endloop
  endfacet
  facet normal 0.994523 -0.104517 0
    outer loop
      vertex -1.2 0 -3.1
      vertex -1.17378 0.249494 -6.8
      vertex -1.17378 0.249494 -3.1
    endloop
  endfacet
  facet normal 0.994523 -0.104517 0
    outer loop
      vertex -1.17378 0.249494 -6.8
      vertex -1.2 0 -3.1
      vertex -1.2 0 -6.8
    endloop
  endfacet
  facet normal 0.994523 -0.104517 0
    outer loop
      vertex -1.2 0 3.2
      vertex -1.17378 0.249494 -0.500001
      vertex -1.17378 0.249494 3.2
    endloop
  endfacet
  facet normal 0.994523 -0.104517 0
    outer loop
      vertex -1.17378 0.249494 -0.500001
      vertex -1.2 0 3.2
      vertex -1.2 0 -0.500001
    endloop
  endfacet
  facet normal -0.866031 -0.499991 0
    outer loop
      vertex 1.09625 0.488084 -6.8
      vertex 0.970819 0.705342 -3.1
      vertex 0.970819 0.705342 -6.8
    endloop
  endfacet
  facet normal -0.866031 -0.499991 0
    outer loop
      vertex 0.970819 0.705342 -3.1
      vertex 1.09625 0.488084 -6.8
      vertex 1.09625 0.488084 -3.1
    endloop
  endfacet
  facet normal -0.866031 -0.499991 0
    outer loop
      vertex 1.09625 0.488084 -0.500001
      vertex 0.970819 0.705342 3.2
      vertex 0.970819 0.705342 -0.500001
    endloop
  endfacet
  facet normal -0.866031 -0.499991 0
    outer loop
      vertex 0.970819 0.705342 3.2
      vertex 1.09625 0.488084 -0.500001
      vertex 1.09625 0.488084 3.2
    endloop
  endfacet
  facet normal 0 0 -1
    outer loop
      vertex 1.17378 -0.249494 3.2
      vertex 1.17378 0.249494 3.2
      vertex 1.2 0 3.2
    endloop
  endfacet
  facet normal 0 0 -1
    outer loop
      vertex 1.09625 -0.488084 3.2
      vertex 1.17378 0.249494 3.2
      vertex 1.17378 -0.249494 3.2
    endloop
  endfacet
  facet normal 0 0 -1
    outer loop
      vertex 1.09625 -0.488084 3.2
      vertex 1.09625 0.488084 3.2
      vertex 1.17378 0.249494 3.2
    endloop
  endfacet
  facet normal 0 0 -1
    outer loop
      vertex 0.970819 -0.705342 3.2
      vertex 1.09625 0.488084 3.2
      vertex 1.09625 -0.488084 3.2
    endloop
  endfacet
  facet normal 0 0 -1
    outer loop
      vertex 0.970819 -0.705342 3.2
      vertex 0.970819 0.705342 3.2
      vertex 1.09625 0.488084 3.2
    endloop
  endfacet
  facet normal 0 0 -1
    outer loop
      vertex 0.802957 -0.891773 3.2
      vertex 0.970819 0.705342 3.2
      vertex 0.970819 -0.705342 3.2
    endloop
  endfacet
  facet normal 0 0 -1
    outer loop
      vertex 0.802957 -0.891773 3.2
      vertex 0.802957 0.891773 3.2
      vertex 0.970819 0.705342 3.2
    endloop
  endfacet
  facet normal 0 0 -1
    outer loop
      vertex 0.599999 -1.03923 3.2
      vertex 0.802957 0.891773 3.2
      vertex 0.802957 -0.891773 3.2
    endloop
  endfacet
  facet normal 0 0 -1
    outer loop
      vertex 0.599999 -1.03923 3.2
      vertex 0.599999 1.03923 3.2
      vertex 0.802957 0.891773 3.2
    endloop
  endfacet
  facet normal 0 0 -1
    outer loop
      vertex 0.37082 -1.14127 3.2
      vertex 0.599999 1.03923 3.2
      vertex 0.599999 -1.03923 3.2
    endloop
  endfacet
  facet normal 0 0 -1
    outer loop
      vertex 0.37082 -1.14127 3.2
      vertex 0.37082 1.14127 3.2
      vertex 0.599999 1.03923 3.2
    endloop
  endfacet
  facet normal 0 0 -1
    outer loop
      vertex 0.125434 -1.19343 3.2
      vertex 0.37082 1.14127 3.2
      vertex 0.37082 -1.14127 3.2
    endloop
  endfacet
  facet normal 0 0 -1
    outer loop
      vertex 0.125434 -1.19343 3.2
      vertex 0.125434 1.19343 3.2
      vertex 0.37082 1.14127 3.2
    endloop
  endfacet
  facet normal 0 0 -1
    outer loop
      vertex -0.125434 -1.19343 3.2
      vertex 0.125434 1.19343 3.2
      vertex 0.125434 -1.19343 3.2
    endloop
  endfacet
  facet normal 0 0 -1
    outer loop
      vertex -0.125434 -1.19343 3.2
      vertex -0.125434 1.19343 3.2
      vertex 0.125434 1.19343 3.2
    endloop
  endfacet
  facet normal 0 0 -1
    outer loop
      vertex -0.37082 -1.14127 3.2
      vertex -0.125434 1.19343 3.2
      vertex -0.125434 -1.19343 3.2
    endloop
  endfacet
  facet normal 0 0 -1
    outer loop
      vertex -0.37082 -1.14127 3.2
      vertex -0.37082 1.14127 3.2
      vertex -0.125434 1.19343 3.2
    endloop
  endfacet
  facet normal 0 0 -1
    outer loop
      vertex -0.599999 -1.03923 3.2
      vertex -0.37082 1.14127 3.2
      vertex -0.37082 -1.14127 3.2
    endloop
  endfacet
  facet normal 0 0 -1
    outer loop
      vertex -0.599999 -1.03923 3.2
      vertex -0.599999 1.03923 3.2
      vertex -0.37082 1.14127 3.2
    endloop
  endfacet
  facet normal 0 0 -1
    outer loop
      vertex -0.802957 -0.891773 3.2
      vertex -0.599999 1.03923 3.2
      vertex -0.599999 -1.03923 3.2
    endloop
  endfacet
  facet normal 0 0 -1
    outer loop
      vertex -0.802957 -0.891773 3.2
      vertex -0.802957 0.891773 3.2
      vertex -0.599999 1.03923 3.2
    endloop
  endfacet
  facet normal 0 0 -1
    outer loop
      vertex -0.970819 -0.705342 3.2
      vertex -0.802957 0.891773 3.2
      vertex -0.802957 -0.891773 3.2
    endloop
  endfacet
  facet normal 0 0 -1
    outer loop
      vertex -0.970819 -0.705342 3.2
      vertex -0.970819 0.705342 3.2
      vertex -0.802957 0.891773 3.2
    endloop
  endfacet
  facet normal 0 0 -1
    outer loop
      vertex -1.09625 -0.488084 3.2
      vertex -0.970819 0.705342 3.2
      vertex -0.970819 -0.705342 3.2
    endloop
  endfacet
  facet normal 0 0 -1
    outer loop
      vertex -1.09625 -0.488084 3.2
      vertex -1.09625 0.488084 3.2
      vertex -0.970819 0.705342 3.2
    endloop
  endfacet
  facet normal 0 0 -1
    outer loop
      vertex -1.17378 -0.249494 3.2
      vertex -1.09625 0.488084 3.2
      vertex -1.09625 -0.488084 3.2
    endloop
  endfacet
  facet normal 0 0 -1
    outer loop
      vertex -1.17378 -0.249494 3.2
      vertex -1.17378 0.249494 3.2
      vertex -1.09625 0.488084 3.2
    endloop
  endfacet
  facet normal 0 -0 -1
    outer loop
      vertex -1.17378 0.249494 3.2
      vertex -1.17378 -0.249494 3.2
      vertex -1.2 0 3.2
    endloop
  endfacet
  facet normal 0 1 -0
    outer loop
      vertex 0.125434 -1.19343 -6.8
      vertex -0.125434 -1.19343 -3.1
      vertex 0.125434 -1.19343 -3.1
    endloop
  endfacet
  facet normal 0 1 0
    outer loop
      vertex -0.125434 -1.19343 -3.1
      vertex 0.125434 -1.19343 -6.8
      vertex -0.125434 -1.19343 -6.8
    endloop
  endfacet
  facet normal 0 1 -0
    outer loop
      vertex 0.125434 -1.19343 -0.500001
      vertex -0.125434 -1.19343 3.2
      vertex 0.125434 -1.19343 3.2
    endloop
  endfacet
  facet normal 0 1 0
    outer loop
      vertex -0.125434 -1.19343 3.2
      vertex 0.125434 -1.19343 -0.500001
      vertex -0.125434 -1.19343 -0.500001
    endloop
  endfacet
  facet normal 0.951048 0.309044 0
    outer loop
      vertex -1.09625 -0.488084 3.2
      vertex -1.17378 -0.249494 -0.500001
      vertex -1.17378 -0.249494 3.2
    endloop
  endfacet
  facet normal 0.951048 0.309044 0
    outer loop
      vertex -1.17378 -0.249494 -0.500001
      vertex -1.09625 -0.488084 3.2
      vertex -1.09625 -0.488084 -0.500001
    endloop
  endfacet
  facet normal 0.951048 0.309044 0
    outer loop
      vertex -1.09625 -0.488084 -3.1
      vertex -1.17378 -0.249494 -6.8
      vertex -1.17378 -0.249494 -3.1
    endloop
  endfacet
  facet normal 0.951048 0.309044 0
    outer loop
      vertex -1.17378 -0.249494 -6.8
      vertex -1.09625 -0.488084 -3.1
      vertex -1.09625 -0.488084 -6.8
    endloop
  endfacet
  facet normal 0.743147 0.669128 0
    outer loop
      vertex -0.802957 -0.891773 3.2
      vertex -0.970819 -0.705342 -0.500001
      vertex -0.970819 -0.705342 3.2
    endloop
  endfacet
  facet normal 0.743147 0.669128 0
    outer loop
      vertex -0.970819 -0.705342 -0.500001
      vertex -0.802957 -0.891773 3.2
      vertex -0.802957 -0.891773 -0.500001
    endloop
  endfacet
  facet normal 0.743147 0.669128 0
    outer loop
      vertex -0.802957 -0.891773 -3.1
      vertex -0.970819 -0.705342 -6.8
      vertex -0.970819 -0.705342 -3.1
    endloop
  endfacet
  facet normal 0.743147 0.669128 0
    outer loop
      vertex -0.970819 -0.705342 -6.8
      vertex -0.802957 -0.891773 -3.1
      vertex -0.802957 -0.891773 -6.8
    endloop
  endfacet
  facet normal 0 0 1
    outer loop
      vertex 1.17378 0.249494 -6.8
      vertex 1.17378 -0.249494 -6.8
      vertex 1.2 0 -6.8
    endloop
  endfacet
  facet normal 0 0 1
    outer loop
      vertex 1.09625 0.488084 -6.8
      vertex 1.17378 -0.249494 -6.8
      vertex 1.17378 0.249494 -6.8
    endloop
  endfacet
  facet normal 0 0 1
    outer loop
      vertex 1.09625 0.488084 -6.8
      vertex 1.09625 -0.488084 -6.8
      vertex 1.17378 -0.249494 -6.8
    endloop
  endfacet
  facet normal 0 0 1
    outer loop
      vertex 0.970819 0.705342 -6.8
      vertex 1.09625 -0.488084 -6.8
      vertex 1.09625 0.488084 -6.8
    endloop
  endfacet
  facet normal 0 0 1
    outer loop
      vertex 0.970819 0.705342 -6.8
      vertex 0.970819 -0.705342 -6.8
      vertex 1.09625 -0.488084 -6.8
    endloop
  endfacet
  facet normal 0 0 1
    outer loop
      vertex 0.802957 0.891773 -6.8
      vertex 0.970819 -0.705342 -6.8
      vertex 0.970819 0.705342 -6.8
    endloop
  endfacet
  facet normal 0 0 1
    outer loop
      vertex 0.802957 0.891773 -6.8
      vertex 0.802957 -0.891773 -6.8
      vertex 0.970819 -0.705342 -6.8
    endloop
  endfacet
  facet normal 0 0 1
    outer loop
      vertex 0.599999 1.03923 -6.8
      vertex 0.802957 -0.891773 -6.8
      vertex 0.802957 0.891773 -6.8
    endloop
  endfacet
  facet normal 0 0 1
    outer loop
      vertex 0.599999 1.03923 -6.8
      vertex 0.599999 -1.03923 -6.8
      vertex 0.802957 -0.891773 -6.8
    endloop
  endfacet
  facet normal 0 0 1
    outer loop
      vertex 0.37082 1.14127 -6.8
      vertex 0.599999 -1.03923 -6.8
      vertex 0.599999 1.03923 -6.8
    endloop
  endfacet
  facet normal 0 0 1
    outer loop
      vertex 0.37082 1.14127 -6.8
      vertex 0.37082 -1.14127 -6.8
      vertex 0.599999 -1.03923 -6.8
    endloop
  endfacet
  facet normal 0 0 1
    outer loop
      vertex 0.125434 1.19343 -6.8
      vertex 0.37082 -1.14127 -6.8
      vertex 0.37082 1.14127 -6.8
    endloop
  endfacet
  facet normal 0 0 1
    outer loop
      vertex 0.125434 1.19343 -6.8
      vertex 0.125434 -1.19343 -6.8
      vertex 0.37082 -1.14127 -6.8
    endloop
  endfacet
  facet normal -0 0 1
    outer loop
      vertex -0.125434 1.19343 -6.8
      vertex 0.125434 -1.19343 -6.8
      vertex 0.125434 1.19343 -6.8
    endloop
  endfacet
  facet normal 0 0 1
    outer loop
      vertex -0.125434 1.19343 -6.8
      vertex -0.125434 -1.19343 -6.8
      vertex 0.125434 -1.19343 -6.8
    endloop
  endfacet
  facet normal -0 0 1
    outer loop
      vertex -0.37082 1.14127 -6.8
      vertex -0.125434 -1.19343 -6.8
      vertex -0.125434 1.19343 -6.8
    endloop
  endfacet
  facet normal 0 0 1
    outer loop
      vertex -0.37082 1.14127 -6.8
      vertex -0.37082 -1.14127 -6.8
      vertex -0.125434 -1.19343 -6.8
    endloop
  endfacet
  facet normal -0 0 1
    outer loop
      vertex -0.599999 1.03923 -6.8
      vertex -0.37082 -1.14127 -6.8
      vertex -0.37082 1.14127 -6.8
    endloop
  endfacet
  facet normal 0 0 1
    outer loop
      vertex -0.599999 1.03923 -6.8
      vertex -0.599999 -1.03923 -6.8
      vertex -0.37082 -1.14127 -6.8
    endloop
  endfacet
  facet normal -0 0 1
    outer loop
      vertex -0.802957 0.891773 -6.8
      vertex -0.599999 -1.03923 -6.8
      vertex -0.599999 1.03923 -6.8
    endloop
  endfacet
  facet normal 0 0 1
    outer loop
      vertex -0.802957 0.891773 -6.8
      vertex -0.802957 -0.891773 -6.8
      vertex -0.599999 -1.03923 -6.8
    endloop
  endfacet
  facet normal -0 0 1
    outer loop
      vertex -0.970819 0.705342 -6.8
      vertex -0.802957 -0.891773 -6.8
      vertex -0.802957 0.891773 -6.8
    endloop
  endfacet
  facet normal 0 0 1
    outer loop
      vertex -0.970819 0.705342 -6.8
      vertex -0.970819 -0.705342 -6.8
      vertex -0.802957 -0.891773 -6.8
    endloop
  endfacet
  facet normal -0 0 1
    outer loop
      vertex -1.09625 0.488084 -6.8
      vertex -0.970819 -0.705342 -6.8
      vertex -0.970819 0.705342 -6.8
    endloop
  endfacet
  facet normal 0 0 1
    outer loop
      vertex -1.09625 0.488084 -6.8
      vertex -1.09625 -0.488084 -6.8
      vertex -0.970819 -0.705342 -6.8
    endloop
  endfacet
  facet normal -0 0 1
    outer loop
      vertex -1.17378 0.249494 -6.8
      vertex -1.09625 -0.488084 -6.8
      vertex -1.09625 0.488084 -6.8
    endloop
  endfacet
  facet normal 0 0 1
    outer loop
      vertex -1.17378 0.249494 -6.8
      vertex -1.17378 -0.249494 -6.8
      vertex -1.09625 -0.488084 -6.8
    endloop
  endfacet
  facet normal 0 -0 1
    outer loop
      vertex -1.17378 -0.249494 -6.8
      vertex -1.17378 0.249494 -6.8
      vertex -1.2 0 -6.8
    endloop
  endfacet
  facet normal 0.994523 0.104517 0
    outer loop
      vertex -1.17378 -0.249494 -3.1
      vertex -1.2 0 -6.8
      vertex -1.2 0 -3.1
    endloop
  endfacet
  facet normal 0.994523 0.104517 0
    outer loop
      vertex -1.2 0 -6.8
      vertex -1.17378 -0.249494 -3.1
      vertex -1.17378 -0.249494 -6.8
    endloop
  endfacet
  facet normal 0.994523 0.104517 0
    outer loop
      vertex -1.17378 -0.249494 3.2
      vertex -1.2 0 -0.500001
      vertex -1.2 0 3.2
    endloop
  endfacet
  facet normal 0.994523 0.104517 0
    outer loop
      vertex -1.2 0 -0.500001
      vertex -1.17378 -0.249494 3.2
      vertex -1.17378 -0.249494 -0.500001
    endloop
  endfacet
  facet normal -0 0 1
    outer loop
      vertex 49 18.5 -7.5
      vertex 61 0.400001 -7.5
      vertex 61 18.5 -7.5
    endloop
  endfacet
  facet normal 0 0 1
    outer loop
      vertex 61 0.400001 -7.5
      vertex 49 18.5 -7.5
      vertex 49 0.400001 -7.5
    endloop
  endfacet
  facet normal 0 1 0
    outer loop
      vertex 61 0.400001 7.5
      vertex 55.3136 0.400001 2.98357
      vertex 49 0.400001 7.5
    endloop
  endfacet
  facet normal 0 1 0
    outer loop
      vertex 61 0.400001 7.5
      vertex 55.9271 0.400001 2.85317
      vertex 55.3136 0.400001 2.98357
    endloop
  endfacet
  facet normal 0 1 0
    outer loop
      vertex 61 0.400001 7.5
      vertex 56.5 0.400001 2.59808
      vertex 55.9271 0.400001 2.85317
    endloop
  endfacet
  facet normal 0 1 0
    outer loop
      vertex 61 0.400001 7.5
      vertex 57.0074 0.400001 2.22943
      vertex 56.5 0.400001 2.59808
    endloop
  endfacet
  facet normal 0 1 0
    outer loop
      vertex 61 0.400001 7.5
      vertex 57.4271 0.400001 1.76336
      vertex 57.0074 0.400001 2.22943
    endloop
  endfacet
  facet normal 0 1 0
    outer loop
      vertex 61 0.400001 7.5
      vertex 57.7406 0.400001 1.22021
      vertex 57.4271 0.400001 1.76336
    endloop
  endfacet
  facet normal 0 1 0
    outer loop
      vertex 61 0.400001 7.5
      vertex 57.9344 0.400001 0.623734
      vertex 57.7406 0.400001 1.22021
    endloop
  endfacet
  facet normal 0 1 0
    outer loop
      vertex 61 0.400001 7.5
      vertex 58 0.400001 0
      vertex 57.9344 0.400001 0.623734
    endloop
  endfacet
  facet normal 0 1 -0
    outer loop
      vertex 61 0.400001 -7.5
      vertex 58 0.400001 0
      vertex 61 0.400001 7.5
    endloop
  endfacet
  facet normal 0 1 0
    outer loop
      vertex 58 0.400001 0
      vertex 61 0.400001 -7.5
      vertex 57.9344 0.400001 -0.623734
    endloop
  endfacet
  facet normal 0 1 0
    outer loop
      vertex 55.3136 0.400001 -2.98357
      vertex 61 0.400001 -7.5
      vertex 54.6864 0.400001 -2.98357
    endloop
  endfacet
  facet normal 0 1 0
    outer loop
      vertex 55.9271 0.400001 -2.85317
      vertex 61 0.400001 -7.5
      vertex 55.3136 0.400001 -2.98357
    endloop
  endfacet
  facet normal 0 1 0
    outer loop
      vertex 56.5 0.400001 -2.59808
      vertex 61 0.400001 -7.5
      vertex 55.9271 0.400001 -2.85317
    endloop
  endfacet
  facet normal 0 1 0
    outer loop
      vertex 57.0074 0.400001 -2.22943
      vertex 61 0.400001 -7.5
      vertex 56.5 0.400001 -2.59808
    endloop
  endfacet
  facet normal 0 1 0
    outer loop
      vertex 57.4271 0.400001 -1.76336
      vertex 61 0.400001 -7.5
      vertex 57.0074 0.400001 -2.22943
    endloop
  endfacet
  facet normal 0 1 0
    outer loop
      vertex 57.7406 0.400001 -1.22021
      vertex 61 0.400001 -7.5
      vertex 57.4271 0.400001 -1.76336
    endloop
  endfacet
  facet normal 0 1 0
    outer loop
      vertex 57.9344 0.400001 -0.623734
      vertex 61 0.400001 -7.5
      vertex 57.7406 0.400001 -1.22021
    endloop
  endfacet
  facet normal 0 1 -0
    outer loop
      vertex 54.6864 0.400001 2.98357
      vertex 49 0.400001 7.5
      vertex 55.3136 0.400001 2.98357
    endloop
  endfacet
  facet normal 0 1 -0
    outer loop
      vertex 54.0729 0.400001 2.85317
      vertex 49 0.400001 7.5
      vertex 54.6864 0.400001 2.98357
    endloop
  endfacet
  facet normal 0 1 -0
    outer loop
      vertex 53.5 0.400001 2.59808
      vertex 49 0.400001 7.5
      vertex 54.0729 0.400001 2.85317
    endloop
  endfacet
  facet normal 0 1 -0
    outer loop
      vertex 52.9926 0.400001 2.22943
      vertex 49 0.400001 7.5
      vertex 53.5 0.400001 2.59808
    endloop
  endfacet
  facet normal 0 1 -0
    outer loop
      vertex 52.5729 0.400001 1.76336
      vertex 49 0.400001 7.5
      vertex 52.9926 0.400001 2.22943
    endloop
  endfacet
  facet normal 0 1 -0
    outer loop
      vertex 52.2594 0.400001 1.22021
      vertex 49 0.400001 7.5
      vertex 52.5729 0.400001 1.76336
    endloop
  endfacet
  facet normal 0 1 -0
    outer loop
      vertex 52.0656 0.400001 0.623734
      vertex 49 0.400001 7.5
      vertex 52.2594 0.400001 1.22021
    endloop
  endfacet
  facet normal 0 1 -0
    outer loop
      vertex 52 0.400001 0
      vertex 49 0.400001 7.5
      vertex 52.0656 0.400001 0.623734
    endloop
  endfacet
  facet normal 0 1 0
    outer loop
      vertex 49 0.400001 -7.5
      vertex 52 0.400001 0
      vertex 52.0656 0.400001 -0.623734
    endloop
  endfacet
  facet normal 0 1 0
    outer loop
      vertex 49 0.400001 -7.5
      vertex 52.0656 0.400001 -0.623734
      vertex 52.2594 0.400001 -1.22021
    endloop
  endfacet
  facet normal 0 1 0
    outer loop
      vertex 49 0.400001 -7.5
      vertex 54.6864 0.400001 -2.98357
      vertex 61 0.400001 -7.5
    endloop
  endfacet
  facet normal 0 1 0
    outer loop
      vertex 54.6864 0.400001 -2.98357
      vertex 49 0.400001 -7.5
      vertex 54.0729 0.400001 -2.85317
    endloop
  endfacet
  facet normal 0 1 0
    outer loop
      vertex 52 0.400001 0
      vertex 49 0.400001 -7.5
      vertex 49 0.400001 7.5
    endloop
  endfacet
  facet normal 0 1 0
    outer loop
      vertex 52.5729 0.400001 -1.76336
      vertex 49 0.400001 -7.5
      vertex 52.2594 0.400001 -1.22021
    endloop
  endfacet
  facet normal 0 1 0
    outer loop
      vertex 52.9926 0.400001 -2.22943
      vertex 49 0.400001 -7.5
      vertex 52.5729 0.400001 -1.76336
    endloop
  endfacet
  facet normal 0 1 0
    outer loop
      vertex 53.5 0.400001 -2.59808
      vertex 49 0.400001 -7.5
      vertex 52.9926 0.400001 -2.22943
    endloop
  endfacet
  facet normal 0 1 0
    outer loop
      vertex 54.0729 0.400001 -2.85317
      vertex 49 0.400001 -7.5
      vertex 53.5 0.400001 -2.59808
    endloop
  endfacet
  facet normal 0 0 -1
    outer loop
      vertex 49 0.400001 7.5
      vertex 61 18.5 7.5
      vertex 61 0.400001 7.5
    endloop
  endfacet
  facet normal -0 0 -1
    outer loop
      vertex 61 18.5 7.5
      vertex 49 0.400001 7.5
      vertex 49 18.5 7.5
    endloop
  endfacet
  facet normal -0.95106 0 -0.309007
    outer loop
      vertex 57.9344 -18.5 0.623734
      vertex 57.7406 0.400001 1.22021
      vertex 57.9344 0.400001 0.623734
    endloop
  endfacet
  facet normal -0.95106 -0 -0.309007
    outer loop
      vertex 57.7406 0.400001 1.22021
      vertex 57.9344 -18.5 0.623734
      vertex 57.7406 -18.5 1.22021
    endloop
  endfacet
  facet normal -0.994515 0 -0.104596
    outer loop
      vertex 58 -18.5 0
      vertex 57.9344 0.400001 0.623734
      vertex 58 0.400001 0
    endloop
  endfacet
  facet normal -0.994515 -0 -0.104596
    outer loop
      vertex 57.9344 0.400001 0.623734
      vertex 58 -18.5 0
      vertex 57.9344 -18.5 0.623734
    endloop
  endfacet
  facet normal 0.95106 0 -0.309007
    outer loop
      vertex 52.2594 -18.5 1.22021
      vertex 52.0656 0.400001 0.623734
      vertex 52.2594 0.400001 1.22021
    endloop
  endfacet
  facet normal 0.95106 0 -0.309007
    outer loop
      vertex 52.0656 0.400001 0.623734
      vertex 52.2594 -18.5 1.22021
      vertex 52.0656 -18.5 0.623734
    endloop
  endfacet
  facet normal 0.994515 0 -0.104596
    outer loop
      vertex 52.0656 -18.5 0.623734
      vertex 52 0.400001 0
      vertex 52.0656 0.400001 0.623734
    endloop
  endfacet
  facet normal 0.994515 0 -0.104596
    outer loop
      vertex 52 0.400001 0
      vertex 52.0656 -18.5 0.623734
      vertex 52 -18.5 0
    endloop
  endfacet
  facet normal -0.406761 0 0.913535
    outer loop
      vertex 55.9271 0.400001 -2.85317
      vertex 56.5 -18.5 -2.59808
      vertex 56.5 0.400001 -2.59808
    endloop
  endfacet
  facet normal -0.406761 0 0.913535
    outer loop
      vertex 56.5 -18.5 -2.59808
      vertex 55.9271 0.400001 -2.85317
      vertex 55.9271 -18.5 -2.85317
    endloop
  endfacet
  facet normal 0.743106 0 -0.669173
    outer loop
      vertex 52.9926 -18.5 2.22943
      vertex 52.5729 0.400001 1.76336
      vertex 52.9926 0.400001 2.22943
    endloop
  endfacet
  facet normal 0.743106 0 -0.669173
    outer loop
      vertex 52.5729 0.400001 1.76336
      vertex 52.9926 -18.5 2.22943
      vertex 52.5729 -18.5 1.76336
    endloop
  endfacet
  facet normal -0.866086 0 -0.499895
    outer loop
      vertex 57.7406 -18.5 1.22021
      vertex 57.4271 0.400001 1.76336
      vertex 57.7406 0.400001 1.22021
    endloop
  endfacet
  facet normal -0.866086 -0 -0.499895
    outer loop
      vertex 57.4271 0.400001 1.76336
      vertex 57.7406 -18.5 1.22021
      vertex 57.4271 -18.5 1.76336
    endloop
  endfacet
  facet normal 0.406761 0 -0.913535
    outer loop
      vertex 53.5 -18.5 2.59808
      vertex 54.0729 0.400001 2.85317
      vertex 54.0729 -18.5 2.85317
    endloop
  endfacet
  facet normal 0.406761 0 -0.913535
    outer loop
      vertex 54.0729 0.400001 2.85317
      vertex 53.5 -18.5 2.59808
      vertex 53.5 0.400001 2.59808
    endloop
  endfacet
  facet normal -0.95106 0 0.309007
    outer loop
      vertex 57.7406 -18.5 -1.22021
      vertex 57.9344 0.400001 -0.623734
      vertex 57.7406 0.400001 -1.22021
    endloop
  endfacet
  facet normal -0.95106 0 0.309007
    outer loop
      vertex 57.9344 0.400001 -0.623734
      vertex 57.7406 -18.5 -1.22021
      vertex 57.9344 -18.5 -0.623734
    endloop
  endfacet
  facet normal -0.743106 0 -0.669173
    outer loop
      vertex 57.4271 -18.5 1.76336
      vertex 57.0074 0.400001 2.22943
      vertex 57.4271 0.400001 1.76336
    endloop
  endfacet
  facet normal -0.743106 -0 -0.669173
    outer loop
      vertex 57.0074 0.400001 2.22943
      vertex 57.4271 -18.5 1.76336
      vertex 57.0074 -18.5 2.22943
    endloop
  endfacet
  facet normal 0.95106 -0 0.309007
    outer loop
      vertex 52.0656 -18.5 -0.623734
      vertex 52.2594 0.400001 -1.22021
      vertex 52.0656 0.400001 -0.623734
    endloop
  endfacet
  facet normal 0.95106 0 0.309007
    outer loop
      vertex 52.2594 0.400001 -1.22021
      vertex 52.0656 -18.5 -0.623734
      vertex 52.2594 -18.5 -1.22021
    endloop
  endfacet
  facet normal -0.207906 0 -0.978149
    outer loop
      vertex 55.3136 -18.5 2.98357
      vertex 55.9271 0.400001 2.85317
      vertex 55.9271 -18.5 2.85317
    endloop
  endfacet
  facet normal -0.207906 0 -0.978149
    outer loop
      vertex 55.9271 0.400001 2.85317
      vertex 55.3136 -18.5 2.98357
      vertex 55.3136 0.400001 2.98357
    endloop
  endfacet
  facet normal -0.587788 0 0.809015
    outer loop
      vertex 56.5 0.400001 -2.59808
      vertex 57.0074 -18.5 -2.22943
      vertex 57.0074 0.400001 -2.22943
    endloop
  endfacet
  facet normal -0.587788 0 0.809015
    outer loop
      vertex 57.0074 -18.5 -2.22943
      vertex 56.5 0.400001 -2.59808
      vertex 56.5 -18.5 -2.59808
    endloop
  endfacet
  facet normal -0.994515 0 0.104596
    outer loop
      vertex 57.9344 -18.5 -0.623734
      vertex 58 0.400001 0
      vertex 57.9344 0.400001 -0.623734
    endloop
  endfacet
  facet normal -0.994515 0 0.104596
    outer loop
      vertex 58 0.400001 0
      vertex 57.9344 -18.5 -0.623734
      vertex 58 -18.5 0
    endloop
  endfacet
  facet normal -0.207906 0 0.978149
    outer loop
      vertex 55.3136 0.400001 -2.98357
      vertex 55.9271 -18.5 -2.85317
      vertex 55.9271 0.400001 -2.85317
    endloop
  endfacet
  facet normal -0.207906 0 0.978149
    outer loop
      vertex 55.9271 -18.5 -2.85317
      vertex 55.3136 0.400001 -2.98357
      vertex 55.3136 -18.5 -2.98357
    endloop
  endfacet
  facet normal -0.406761 0 -0.913535
    outer loop
      vertex 55.9271 -18.5 2.85317
      vertex 56.5 0.400001 2.59808
      vertex 56.5 -18.5 2.59808
    endloop
  endfacet
  facet normal -0.406761 0 -0.913535
    outer loop
      vertex 56.5 0.400001 2.59808
      vertex 55.9271 -18.5 2.85317
      vertex 55.9271 0.400001 2.85317
    endloop
  endfacet
  facet normal 0.866086 -0 0.499895
    outer loop
      vertex 52.2594 -18.5 -1.22021
      vertex 52.5729 0.400001 -1.76336
      vertex 52.2594 0.400001 -1.22021
    endloop
  endfacet
  facet normal 0.866086 0 0.499895
    outer loop
      vertex 52.5729 0.400001 -1.76336
      vertex 52.2594 -18.5 -1.22021
      vertex 52.5729 -18.5 -1.76336
    endloop
  endfacet
  facet normal -0 0 1
    outer loop
      vertex 54.6864 0.400001 -2.98357
      vertex 55.3136 -18.5 -2.98357
      vertex 55.3136 0.400001 -2.98357
    endloop
  endfacet
  facet normal 0 0 1
    outer loop
      vertex 55.3136 -18.5 -2.98357
      vertex 54.6864 0.400001 -2.98357
      vertex 54.6864 -18.5 -2.98357
    endloop
  endfacet
  facet normal -0.866086 0 0.499895
    outer loop
      vertex 57.4271 -18.5 -1.76336
      vertex 57.7406 0.400001 -1.22021
      vertex 57.4271 0.400001 -1.76336
    endloop
  endfacet
  facet normal -0.866086 0 0.499895
    outer loop
      vertex 57.7406 0.400001 -1.22021
      vertex 57.4271 -18.5 -1.76336
      vertex 57.7406 -18.5 -1.22021
    endloop
  endfacet
  facet normal -0.587788 0 -0.809015
    outer loop
      vertex 56.5 -18.5 2.59808
      vertex 57.0074 0.400001 2.22943
      vertex 57.0074 -18.5 2.22943
    endloop
  endfacet
  facet normal -0.587788 0 -0.809015
    outer loop
      vertex 57.0074 0.400001 2.22943
      vertex 56.5 -18.5 2.59808
      vertex 56.5 0.400001 2.59808
    endloop
  endfacet
  facet normal 0 0 -1
    outer loop
      vertex 54.6864 -18.5 2.98357
      vertex 55.3136 0.400001 2.98357
      vertex 55.3136 -18.5 2.98357
    endloop
  endfacet
  facet normal -0 0 -1
    outer loop
      vertex 55.3136 0.400001 2.98357
      vertex 54.6864 -18.5 2.98357
      vertex 54.6864 0.400001 2.98357
    endloop
  endfacet
  facet normal 0.207906 0 -0.978149
    outer loop
      vertex 54.0729 -18.5 2.85317
      vertex 54.6864 0.400001 2.98357
      vertex 54.6864 -18.5 2.98357
    endloop
  endfacet
  facet normal 0.207906 0 -0.978149
    outer loop
      vertex 54.6864 0.400001 2.98357
      vertex 54.0729 -18.5 2.85317
      vertex 54.0729 0.400001 2.85317
    endloop
  endfacet
  facet normal 0.207906 0 0.978149
    outer loop
      vertex 54.0729 0.400001 -2.85317
      vertex 54.6864 -18.5 -2.98357
      vertex 54.6864 0.400001 -2.98357
    endloop
  endfacet
  facet normal 0.207906 0 0.978149
    outer loop
      vertex 54.6864 -18.5 -2.98357
      vertex 54.0729 0.400001 -2.85317
      vertex 54.0729 -18.5 -2.85317
    endloop
  endfacet
  facet normal -0.743106 0 0.669173
    outer loop
      vertex 57.0074 -18.5 -2.22943
      vertex 57.4271 0.400001 -1.76336
      vertex 57.0074 0.400001 -2.22943
    endloop
  endfacet
  facet normal -0.743106 0 0.669173
    outer loop
      vertex 57.4271 0.400001 -1.76336
      vertex 57.0074 -18.5 -2.22943
      vertex 57.4271 -18.5 -1.76336
    endloop
  endfacet
  facet normal 0.743106 -0 0.669173
    outer loop
      vertex 52.5729 -18.5 -1.76336
      vertex 52.9926 0.400001 -2.22943
      vertex 52.5729 0.400001 -1.76336
    endloop
  endfacet
  facet normal 0.743106 0 0.669173
    outer loop
      vertex 52.9926 0.400001 -2.22943
      vertex 52.5729 -18.5 -1.76336
      vertex 52.9926 -18.5 -2.22943
    endloop
  endfacet
  facet normal 0.587788 0 -0.809015
    outer loop
      vertex 52.9926 -18.5 2.22943
      vertex 53.5 0.400001 2.59808
      vertex 53.5 -18.5 2.59808
    endloop
  endfacet
  facet normal 0.587788 0 -0.809015
    outer loop
      vertex 53.5 0.400001 2.59808
      vertex 52.9926 -18.5 2.22943
      vertex 52.9926 0.400001 2.22943
    endloop
  endfacet
  facet normal 0.587788 0 0.809015
    outer loop
      vertex 52.9926 0.400001 -2.22943
      vertex 53.5 -18.5 -2.59808
      vertex 53.5 0.400001 -2.59808
    endloop
  endfacet
  facet normal 0.587788 0 0.809015
    outer loop
      vertex 53.5 -18.5 -2.59808
      vertex 52.9926 0.400001 -2.22943
      vertex 52.9926 -18.5 -2.22943
    endloop
  endfacet
  facet normal 0.994515 -0 0.104596
    outer loop
      vertex 52 -18.5 0
      vertex 52.0656 0.400001 -0.623734
      vertex 52 0.400001 0
    endloop
  endfacet
  facet normal 0.994515 0 0.104596
    outer loop
      vertex 52.0656 0.400001 -0.623734
      vertex 52 -18.5 0
      vertex 52.0656 -18.5 -0.623734
    endloop
  endfacet
  facet normal 0.406761 0 0.913535
    outer loop
      vertex 53.5 0.400001 -2.59808
      vertex 54.0729 -18.5 -2.85317
      vertex 54.0729 0.400001 -2.85317
    endloop
  endfacet
  facet normal 0.406761 0 0.913535
    outer loop
      vertex 54.0729 -18.5 -2.85317
      vertex 53.5 0.400001 -2.59808
      vertex 53.5 -18.5 -2.59808
    endloop
  endfacet
  facet normal 0.866086 0 -0.499895
    outer loop
      vertex 52.5729 -18.5 1.76336
      vertex 52.2594 0.400001 1.22021
      vertex 52.5729 0.400001 1.76336
    endloop
  endfacet
  facet normal 0.866086 0 -0.499895
    outer loop
      vertex 52.2594 0.400001 1.22021
      vertex 52.5729 -18.5 1.76336
      vertex 52.2594 -18.5 1.22021
    endloop
  endfacet
endsolid OpenSCAD_Model
